,data_open,data_high,data_low,data_close,data_volume,data_delta,engineered_RSI,engineered_SMA_10,engineered_SMA_20,engineered_Upper_BB,engineered_Lower_BB,engineered_MACD,engineered_MACD_Signal,engineered_ATR,pred_delta,monitor_rmse,monitor_mape,monitor_ks_statistic,monitor_wasserstein_distance,data_delta_lag_1,data_delta_lag_2,data_delta_lag_3,data_delta_lag_4,data_delta_lag_5,data_delta_lag_6,data_delta_lag_7,data_delta_lag_8,data_delta_lag_9,data_delta_lag_10
2023-08-22,177.06,177.68,176.25,177.23,42084245.0,0.1699999999999875,,,,,,0.0,0.0,,,,,,,,,,,,,,,,
2023-08-23,178.52,181.55,178.325,181.12,52722752.0,2.5999999999999943,100.0,,,,,0.19384615384615445,0.03876923076923089,,,,,,,0.1699999999999875,,,,,,,,,
2023-08-24,180.674,181.104,176.01,176.38,54945798.0,-4.294000000000011,43.248097152142364,,,,,-0.2064378698224847,-0.01027218934911223,,,,,,,2.5999999999999943,0.1699999999999875,,,,,,,,
2023-08-25,177.38,179.15,175.82,178.61,51449594.0,1.2300000000000182,55.92207115375782,,,,,-0.07703717190107437,-0.02362518585950466,,,,,,,-4.294000000000011,2.5999999999999943,0.1699999999999875,,,,,,,
2023-08-28,180.09,180.59,178.545,180.19,43820697.0,0.0999999999999943,62.33942817574826,,,,,-0.06491939236833516,-0.03188402716127076,,,,,,,1.2300000000000182,-4.294000000000011,2.5999999999999943,0.1699999999999875,,,,,,
2023-08-29,179.695,184.9,179.5,184.12,53003948.0,4.425000000000011,72.9058982282366,,,,,0.29032866159456255,0.03255851058989591,,,,,,,0.0999999999999943,1.2300000000000182,-4.294000000000011,2.5999999999999943,0.1699999999999875,,,,,
2023-08-30,184.94,187.85,184.74,187.65,60813888.0,2.710000000000008,78.6895535500233,,,,,0.4285392034561537,0.11175464916314748,,,,,,,4.425000000000011,0.0999999999999943,1.2300000000000182,-4.294000000000011,2.5999999999999943,0.1699999999999875,,,,
2023-08-31,187.84,189.12,187.48,187.87,60794467.0,0.0300000000000011,78.99055930235642,,,,,0.31815100459037815,0.15303392024859364,,,,,,,2.710000000000008,4.425000000000011,0.0999999999999943,1.2300000000000182,-4.294000000000011,2.5999999999999943,0.1699999999999875,,,
2023-09-01,189.485,189.92,188.28,189.46,45766503.0,-0.0250000000000056,81.07149080213902,,,,,0.22365140713610465,0.16715741762609584,,,,,,,0.0300000000000011,2.710000000000008,4.425000000000011,0.0999999999999943,1.2300000000000182,-4.294000000000011,2.5999999999999943,0.1699999999999875,,
2023-09-05,188.28,189.98,187.61,189.7,45280027.0,1.4199999999999875,81.37142210648156,0.8365999999999986,,,,0.26233518226866925,0.18619297055461054,,,,,,,-0.0250000000000056,0.0300000000000011,2.710000000000008,4.425000000000011,0.0999999999999943,1.2300000000000182,-4.294000000000011,2.5999999999999943,0.1699999999999875,
2023-09-06,188.4,188.85,181.47,182.91,81755816.0,-5.490000000000009,54.877637209153576,0.2705999999999989,,,,-0.26157166265332304,0.09664004391302383,,,,,,,1.4199999999999875,-0.0250000000000056,0.0300000000000011,2.710000000000008,4.425000000000011,0.0999999999999943,1.2300000000000182,-4.294000000000011,2.5999999999999943,0.1699999999999875
2023-09-07,175.18,178.21,173.54,177.56,112488803.0,2.3799999999999955,42.99830287301945,0.248599999999999,,,,-0.04125284699216758,0.06906146573198554,,,,,,,-5.490000000000009,1.4199999999999875,-0.0250000000000056,0.0300000000000011,2.710000000000008,4.425000000000011,0.0999999999999943,1.2300000000000182,-4.294000000000011,2.5999999999999943
2023-09-08,178.35,180.239,177.79,178.18,65602066.0,-0.1699999999999875,44.49774571336618,0.6610000000000014,,,,-0.07158707578194853,0.04093175742919873,,,,,,,2.3799999999999955,-5.490000000000009,1.4199999999999875,-0.0250000000000056,0.0300000000000011,2.710000000000008,4.425000000000011,0.0999999999999943,1.2300000000000182,-4.294000000000011
2023-09-11,180.07,180.3,177.34,179.36,58953052.0,-0.7099999999999795,47.33711435882595,0.4670000000000016,,,,-0.13761432539466006,0.005222540864426972,3.904571428571432,,,,,,-0.1699999999999875,2.3799999999999955,-5.490000000000009,1.4199999999999875,-0.0250000000000056,0.0300000000000011,2.710000000000008,4.425000000000011,0.0999999999999943,1.2300000000000182
2023-09-12,179.49,180.13,174.82,176.3,90370192.0,-3.1899999999999977,41.41957803943729,0.1380000000000024,,,,-0.3856115799300377,-0.07294428329446598,4.181714285714288,,,,,,-0.7099999999999795,-0.1699999999999875,2.3799999999999955,-5.490000000000009,1.4199999999999875,-0.0250000000000056,0.0300000000000011,2.710000000000008,4.425000000000011,0.0999999999999943
2023-09-13,176.51,177.3,173.98,174.21,84267928.0,-2.299999999999983,37.93177566900707,-0.5344999999999971,,,,-0.5045198382705172,-0.15925939428967623,4.110285714285717,,,,,,-3.1899999999999977,-0.7099999999999795,-0.1699999999999875,2.3799999999999955,-5.490000000000009,1.4199999999999875,-0.0250000000000056,0.0300000000000011,2.710000000000008,4.425000000000011
2023-09-14,174.0,176.1,173.58,175.74,60895757.0,1.740000000000009,41.795720724735105,-0.631499999999997,,,,-0.2696528630299188,-0.18133808803772475,3.9252857142857147,,,,,,-2.299999999999983,-3.1899999999999977,-0.7099999999999795,-0.1699999999999875,2.3799999999999955,-5.490000000000009,1.4199999999999875,-0.0250000000000056,0.0300000000000011,2.710000000000008
2023-09-15,176.48,176.495,173.82,175.01,109259461.0,-1.4699999999999989,40.50022735393614,-0.781499999999997,,,,-0.33863568455902426,-0.21279760734198466,3.8785000000000003,,,,,,1.740000000000009,-2.299999999999983,-3.1899999999999977,-0.7099999999999795,-0.1699999999999875,2.3799999999999955,-5.490000000000009,1.4199999999999875,-0.0250000000000056,0.0300000000000011
2023-09-18,176.48,179.38,176.17,177.97,67257573.0,1.490000000000009,47.59343401984334,-0.6299999999999955,,,,-0.15269760245722278,-0.2007776063650323,4.0445714285714285,,,,,,-1.4699999999999989,1.740000000000009,-2.299999999999983,-3.1899999999999977,-0.7099999999999795,-0.1699999999999875,2.3799999999999955,-5.490000000000009,1.4199999999999875,-0.0250000000000056
2023-09-19,177.52,179.63,177.13,179.07,51826941.0,1.549999999999983,49.97991191960937,-0.6169999999999959,0.10980000000000131,5.074230644198052,-4.854630644198049,-0.0004931495004604769,-0.16072071499211796,3.8374285714285707,,,,,,1.490000000000009,-1.4699999999999989,1.740000000000009,-2.299999999999983,-3.1899999999999977,-0.7099999999999795,-0.1699999999999875,2.3799999999999955,-5.490000000000009,1.4199999999999875
2023-09-20,179.26,179.695,175.4,175.49,58436181.0,-3.769999999999982,43.10080416754484,-0.4449999999999932,-0.08719999999999714,5.171166950819781,-5.345566950819776,-0.30562649092179256,-0.1897018701780529,3.8777857142857135,,,,,,1.549999999999983,1.490000000000009,-1.4699999999999989,1.740000000000009,-2.299999999999983,-3.1899999999999977,-0.7099999999999795,-0.1699999999999875,2.3799999999999955,-5.490000000000009
2023-09-21,174.55,176.3,173.86,173.93,63149116.0,-0.6200000000000045,40.48583834240611,-0.7449999999999932,-0.2481999999999971,4.858738957515502,-5.355138957515496,-0.2899261004009372,-0.20974671622262978,3.934928571428569,,,,,,-3.769999999999982,1.549999999999983,1.490000000000009,-1.4699999999999989,1.740000000000009,-2.299999999999983,-3.1899999999999977,-0.7099999999999795,-0.1699999999999875,2.3799999999999955
2023-09-22,174.67,177.079,174.05,174.79,56725385.0,0.1200000000000045,42.55498616745673,-0.715999999999994,-0.027499999999996305,4.71151666460126,-4.7665166646012525,-0.21528988446122435,-0.2108553498703487,4.0134285714285705,,,,,,-0.6200000000000045,-3.769999999999982,1.549999999999983,1.490000000000009,-1.4699999999999989,1.740000000000009,-2.299999999999983,-3.1899999999999977,-0.7099999999999795,-0.1699999999999875
2023-09-25,174.2,176.97,174.15,176.08,46172740.0,1.880000000000024,45.60968710485023,-0.45699999999999363,0.00500000000000399,4.78902935213668,-4.779029352136671,-0.013961910326561938,-0.17147666196159136,4.045571428571429,,,,,,0.1200000000000045,-0.6200000000000045,-3.769999999999982,1.549999999999983,1.490000000000009,-1.4699999999999989,1.740000000000009,-2.299999999999983,-3.1899999999999977,-0.7099999999999795
2023-09-26,174.82,175.2,171.66,171.96,64588945.0,-2.859999999999985,38.55758799355429,-0.4239999999999924,-0.14299999999999496,4.808853879316846,-5.094853879316837,-0.23418686608628236,-0.18401870278652957,3.773428571428574,,,,,,1.880000000000024,0.1200000000000045,-0.6200000000000045,-3.769999999999982,1.549999999999983,1.490000000000009,-1.4699999999999989,1.740000000000009,-2.299999999999983,-3.1899999999999977
2023-09-27,172.62,173.04,169.05,170.43,66921808.0,-2.1899999999999977,36.31219328904891,-0.41299999999999387,-0.47374999999999545,4.059396780862288,-5.006896780862279,-0.3506116961990412,-0.2173373014690319,3.3891428571428577,,,,,,-2.859999999999985,1.880000000000024,0.1200000000000045,-0.6200000000000045,-3.769999999999982,1.549999999999983,1.490000000000009,-1.4699999999999989,1.740000000000009,-2.299999999999983
2023-09-28,169.34,172.03,167.62,170.69,56294419.0,1.3499999999999943,36.98377952713255,-0.45199999999999535,-0.5417499999999962,3.8281726477557276,-4.9116726477557195,-0.15543899390904897,-0.2049576399570353,3.5127857142857146,,,,,,-2.1899999999999977,-2.859999999999985,1.880000000000024,0.1200000000000045,-0.6200000000000045,-3.769999999999982,1.549999999999983,1.490000000000009,-1.4699999999999989,1.740000000000009
2023-09-29,172.02,173.07,170.341,171.21,51861083.0,-0.8100000000000023,38.38323494558375,-0.3859999999999957,-0.5837499999999963,3.7791761969462656,-4.9466761969462585,-0.17306221583103137,-0.19857855513183453,3.4962857142857127,,,,,,1.3499999999999943,-2.1899999999999977,-2.859999999999985,1.880000000000024,0.1200000000000045,-0.6200000000000045,-3.769999999999982,1.549999999999983,1.490000000000009,-1.4699999999999989
2023-10-02,171.22,174.3,170.93,173.75,52164535.0,2.530000000000001,44.82844395218185,-0.2819999999999965,-0.45599999999999596,4.120224138787464,-5.032224138787456,0.081541381988852,-0.14255456770769723,3.3577142857142843,,,,,,-0.8100000000000023,1.3499999999999943,-2.1899999999999977,-2.859999999999985,1.880000000000024,0.1200000000000045,-0.6200000000000045,-3.769999999999982,1.549999999999983,1.490000000000009
2023-10-03,172.255,173.63,170.82,172.4,49594613.0,0.1450000000000102,42.2960973687026,-0.42249999999999377,-0.5197499999999948,3.9813428205211903,-5.02084282052118,0.08983147849173734,-0.09607735846781032,3.3298571428571404,,,,,,2.530000000000001,-0.8100000000000023,1.3499999999999943,-2.1899999999999977,-2.859999999999985,1.880000000000024,0.1200000000000045,-0.6200000000000045,-3.769999999999982,1.549999999999983
2023-10-04,171.09,174.21,170.97,173.66,53020286.0,2.569999999999993,45.39645490290845,0.21150000000000374,-0.11674999999999472,3.93110098930024,-4.164600989300229,0.28875014123910503,-0.01911185852642726,3.381285714285714,,,,,,0.1450000000000102,2.530000000000001,-0.8100000000000023,1.3499999999999943,-2.1899999999999977,-2.859999999999985,1.880000000000024,0.1200000000000045,-0.6200000000000045,-3.769999999999982
2023-10-05,173.79,175.45,172.68,174.91,48527918.0,1.1200000000000043,48.36068051218943,0.3855000000000047,-0.17974999999999425,3.741732634493181,-4.1012326344931695,0.3256379808133785,0.0498381093415339,3.388071428571426,,,,,,2.569999999999993,0.1450000000000102,2.530000000000001,-0.8100000000000023,1.3499999999999943,-2.1899999999999977,-2.859999999999985,1.880000000000024,0.1200000000000045,-0.6200000000000045
2023-10-06,173.8,177.99,173.18,177.49,57266675.0,3.6899999999999977,53.920863944081866,0.7425000000000039,0.013250000000005003,4.2997161865481965,-4.273216186548187,0.5558419806984826,0.15103888361292364,3.419499999999997,,,,,,1.1200000000000043,2.569999999999993,0.1450000000000102,2.530000000000001,-0.8100000000000023,1.3499999999999943,-2.1899999999999977,-2.859999999999985,1.880000000000024,0.1200000000000045
2023-10-09,176.81,179.05,175.8,178.99,42390772.0,2.180000000000007,56.83114777927392,0.7725000000000023,0.15775000000000433,4.535435611803281,-4.219935611803272,0.6094110178654625,0.24271331046343142,3.473071428571426,,,,,,3.6899999999999977,1.1200000000000043,2.569999999999993,0.1450000000000102,2.530000000000001,-0.8100000000000023,1.3499999999999943,-2.1899999999999977,-2.859999999999985,1.880000000000024
2023-10-10,178.1,179.72,177.95,178.39,43698019.0,0.289999999999992,55.325912868289386,1.0875,0.3317500000000038,4.415972885561872,-3.752472885561864,0.4936669755562235,0.29290404348198984,3.292714285714285,,,,,,2.180000000000007,3.6899999999999977,1.1200000000000043,2.569999999999993,0.1450000000000102,2.530000000000001,-0.8100000000000023,1.3499999999999943,-2.1899999999999977,-2.859999999999985
2023-10-11,178.2,179.85,177.6,179.8,47551098.0,1.6000000000000227,58.13231165208266,1.4665000000000021,0.526750000000004,4.451194680796454,-3.3976946807964454,0.5018599113474922,0.3346952170550903,3.279142857142856,,,,,,0.289999999999992,2.180000000000007,3.6899999999999977,1.1200000000000043,2.569999999999993,0.1450000000000102,2.530000000000001,-0.8100000000000023,1.3499999999999943,-2.1899999999999977
2023-10-12,180.07,182.34,179.04,180.71,56743119.0,0.6400000000000148,59.883850989252956,1.3955000000000042,0.4717500000000044,4.3552200638529595,-3.4117200638529503,0.42597848028540863,0.352951869701154,3.2899285714285713,,,,,,1.6000000000000227,0.289999999999992,2.180000000000007,3.6899999999999977,1.1200000000000043,2.569999999999993,0.1450000000000102,2.530000000000001,-0.8100000000000023,1.3499999999999943
2023-10-13,181.42,181.93,178.14,178.85,51456082.0,-2.569999999999993,54.83433524289019,1.219500000000005,0.4167500000000047,4.444488395048438,-3.6109883950484285,0.10560438494861424,0.3034823727506461,3.3592142857142875,,,,,,0.6400000000000148,1.6000000000000227,0.289999999999992,2.180000000000007,3.6899999999999977,1.1200000000000043,2.569999999999993,0.1450000000000102,2.530000000000001,-0.8100000000000023
2023-10-16,176.75,179.075,176.51,178.72,52516984.0,1.9699999999999989,54.48850735491007,1.1635000000000049,0.44075000000000414,4.501004432006887,-3.619504432006879,0.21556081299017238,0.28589806079855135,3.2267142857142863,,,,,,-2.569999999999993,0.6400000000000148,1.6000000000000227,0.289999999999992,2.180000000000007,3.6899999999999977,1.1200000000000043,2.569999999999993,0.1450000000000102,2.530000000000001
2023-10-17,176.645,178.42,174.8,177.15,57549350.0,0.5049999999999955,50.35788145244314,1.1995000000000033,0.3885000000000048,4.41540961565213,-3.6384096156521197,0.182386381250764,0.2651957248889939,3.221714285714287,,,,,,1.9699999999999989,-2.569999999999993,0.6400000000000148,1.6000000000000227,0.289999999999992,2.180000000000007,3.6899999999999977,1.1200000000000043,2.569999999999993,0.1450000000000102
2023-10-18,175.58,177.575,175.11,175.84,54764375.0,0.2599999999999909,47.14632801260648,0.968500000000003,0.5900000000000034,4.112479688783848,-2.932479688783841,0.13477238052899626,0.2391110560169944,3.0827857142857136,,,,,,0.5049999999999955,1.9699999999999989,-2.569999999999993,0.6400000000000148,1.6000000000000227,0.289999999999992,2.180000000000007,3.6899999999999977,1.1200000000000043,2.569999999999993
2023-10-19,176.04,177.84,175.19,175.46,59302863.0,-0.5799999999999841,46.225400663907514,0.7985000000000042,0.5920000000000044,4.111631260590564,-2.9276312605905557,0.028923549416171757,0.19707355469682988,3.077142857142858,,,,,,0.2599999999999909,0.5049999999999955,1.9699999999999989,-2.569999999999993,0.6400000000000148,1.6000000000000227,0.289999999999992,2.180000000000007,3.6899999999999977,1.1200000000000043
2023-10-20,175.31,175.42,172.64,172.88,64244028.0,-2.430000000000007,40.448432366031646,0.18650000000000375,0.46450000000000385,4.232136282590818,-3.3031362825908106,-0.2019144071470536,0.1172759623280532,3.037857142857145,,,,,,-0.5799999999999841,0.2599999999999909,0.5049999999999955,1.9699999999999989,-2.569999999999993,0.6400000000000148,1.6000000000000227,0.289999999999992,2.180000000000007,3.6899999999999977
2023-10-23,170.91,174.01,169.93,173.0,55980109.0,2.0900000000000034,40.818898546188805,0.1775000000000034,0.47500000000000286,4.26037490321563,-3.3103749032156244,-0.019899536566707232,0.08984086254910112,3.1200000000000006,,,,,,-2.430000000000007,-0.5799999999999841,0.2599999999999909,0.5049999999999955,1.9699999999999989,-2.569999999999993,0.6400000000000148,1.6000000000000227,0.289999999999992,2.180000000000007
2023-10-24,173.05,173.67,171.45,173.44,43816644.0,0.3899999999999863,42.23780948715256,0.18750000000000283,0.6375000000000014,4.083929884295984,-2.8089298842959813,-0.012681053501574502,0.069336479338966,3.0471428571428567,,,,,,2.0900000000000034,-2.430000000000007,-0.5799999999999841,0.2599999999999909,0.5049999999999955,1.9699999999999989,-2.569999999999993,0.6400000000000148,1.6000000000000227,0.289999999999992
2023-10-25,171.88,173.06,170.65,171.1,57156962.0,-0.7800000000000011,37.1381598551143,-0.050499999999999545,0.7080000000000013,3.9632813767945274,-2.5472813767945253,-0.10021436672972789,0.03542631012522722,3.048571428571429,,,,,,0.3899999999999863,2.0900000000000034,-2.430000000000007,-0.5799999999999841,0.2599999999999909,0.5049999999999955,1.9699999999999989,-2.569999999999993,0.6400000000000148,1.6000000000000227
2023-10-26,170.37,171.3775,165.67,166.89,70625258.0,-3.480000000000018,30.09740890183386,-0.46250000000000285,0.46650000000000064,4.202408400770476,-3.269408400770474,-0.3830371692107073,-0.0482663857419597,3.1126785714285723,,,,,,-0.7800000000000011,0.3899999999999863,2.0900000000000034,-2.430000000000007,-0.5799999999999841,0.2599999999999909,0.5049999999999955,1.9699999999999989,-2.569999999999993,0.6400000000000148
2023-10-27,166.91,168.96,166.83,168.22,58499129.0,1.3100000000000025,34.33287154336789,-0.07450000000000327,0.5725000000000009,4.276072244255685,-3.1310722442556838,-0.21814862791562442,-0.08224283417669265,3.0326785714285722,,,,,,-3.480000000000018,-0.7800000000000011,0.3899999999999863,2.0900000000000034,-2.430000000000007,-0.5799999999999841,0.2599999999999909,0.5049999999999955,1.9699999999999989,-2.569999999999993
2023-10-30,169.02,171.17,168.87,170.29,51130955.0,1.2699999999999818,40.38700399434598,-0.144500000000005,0.5094999999999998,4.11442192776254,-3.0954219277625397,-0.08966730777941442,-0.08372772889723701,3.116964285714285,,,,,,1.3100000000000025,-3.480000000000018,-0.7800000000000011,0.3899999999999863,2.0900000000000034,-2.430000000000007,-0.5799999999999841,0.2599999999999909,0.5049999999999955,1.9699999999999989
2023-10-31,169.35,170.9,167.9,170.77,44846017.0,1.420000000000016,41.7285793570484,-0.053000000000002934,0.5732500000000001,4.196081511110442,-3.049581511110442,0.023982356803424254,-0.06218571175710476,3.1705357142857133,,,,,,1.2699999999999818,1.3100000000000025,-3.480000000000018,-0.7800000000000011,0.3899999999999863,2.0900000000000034,-2.430000000000007,-0.5799999999999841,0.2599999999999909,0.5049999999999955
2023-11-01,171.0,174.23,170.12,173.97,56934906.0,2.969999999999999,49.83402354063267,0.21799999999999783,0.5932500000000005,4.266559528849547,-3.0800595288495467,0.23639753723951096,-0.0024690619577816195,3.2283928571428544,,,,,,1.420000000000016,1.2699999999999818,1.3100000000000025,-3.480000000000018,-0.7800000000000011,0.3899999999999863,2.0900000000000034,-2.430000000000007,-0.5799999999999841,0.2599999999999909
2023-11-02,175.52,177.78,175.46,177.57,77334752.0,2.049999999999983,57.068890244926294,0.48099999999999454,0.6397499999999994,4.364323412521651,-3.084823412521653,0.32673538473513886,0.06337182738080248,3.2298214285714244,,,,,,2.969999999999999,1.420000000000016,1.2699999999999818,1.3100000000000025,-3.480000000000018,-0.7800000000000011,0.3899999999999863,2.0900000000000034,-2.430000000000007,-0.5799999999999841
2023-11-03,174.24,176.82,173.35,176.65,79829246.0,2.4099999999999966,54.89024536361583,0.9649999999999949,0.5757499999999993,4.119223281222375,-2.9677232812223764,0.42250736912931974,0.13519893573050595,3.3480357142857105,,,,,,2.049999999999983,2.969999999999999,1.420000000000016,1.2699999999999818,1.3100000000000025,-3.480000000000018,-0.7800000000000011,0.3899999999999863,2.0900000000000034,-2.430000000000007
2023-11-06,176.38,179.43,176.21,179.23,63841310.0,2.8499999999999943,59.553455678007516,1.040999999999994,0.6092499999999987,4.228441935108982,-3.0099419351089853,0.5278272159437996,0.2137245917731647,3.298035714285711,,,,,,2.4099999999999966,2.049999999999983,2.969999999999999,1.420000000000016,1.2699999999999818,1.3100000000000025,-3.480000000000018,-0.7800000000000011,0.3899999999999863,2.0900000000000034
2023-11-07,179.18,182.44,178.97,181.82,70529966.0,2.6399999999999864,63.6192965034149,1.265999999999994,0.7267499999999985,4.453298106421502,-2.9997981064215047,0.5875755037221657,0.28849477416296493,3.369821428571427,,,,,,2.8499999999999943,2.4099999999999966,2.049999999999983,2.969999999999999,1.420000000000016,1.2699999999999818,1.3100000000000025,-3.480000000000018,-0.7800000000000011,0.3899999999999863
2023-11-08,182.35,183.45,181.59,182.89,49340282.0,0.539999999999992,65.17672205750313,1.3979999999999932,0.6737499999999969,4.37809009323061,-3.0305900932306162,0.46016945564285583,0.32282971045894315,3.3133928571428544,,,,,,2.6399999999999864,2.8499999999999943,2.4099999999999966,2.049999999999983,2.969999999999999,1.420000000000016,1.2699999999999818,1.3100000000000025,-3.480000000000018,-0.7800000000000011
2023-11-09,182.96,184.12,181.81,182.41,53763540.0,-0.5500000000000114,63.856093474392445,1.690999999999994,0.6142499999999955,4.358881631099586,-3.1303816310995956,0.2681542389921956,0.31189461616559366,3.2769642857142816,,,,,,0.539999999999992,2.6399999999999864,2.8499999999999943,2.4099999999999966,2.049999999999983,2.969999999999999,1.420000000000016,1.2699999999999818,1.3100000000000025,-3.480000000000018
2023-11-10,183.97,186.565,183.53,186.4,66177922.0,2.430000000000007,69.40551448534562,1.8029999999999944,0.8642499999999955,4.374033731528947,-2.645533731528956,0.3523798756449026,0.31999166806145546,3.2823214285714255,,,,,,-0.5500000000000114,0.539999999999992,2.6399999999999864,2.8499999999999943,2.4099999999999966,2.049999999999983,2.969999999999999,1.420000000000016,1.2699999999999818,1.3100000000000025
2023-11-13,185.82,186.03,184.21,184.8,43627519.0,-1.0199999999999818,65.08975726286238,1.573999999999998,0.7147499999999966,4.280492670114273,-2.8509926701142803,0.1391392220178801,0.2838211788527404,3.2801785714285683,,,,,,2.430000000000007,-0.5500000000000114,0.539999999999992,2.6399999999999864,2.8499999999999943,2.4099999999999966,2.049999999999983,2.969999999999999,1.420000000000016,1.2699999999999818
2023-11-14,187.7,188.11,186.3,187.44,60108378.0,-0.2599999999999909,68.56327090060425,1.4059999999999975,0.6764999999999972,4.268035516797939,-2.915035516797944,0.031111482315592465,0.23327923954531082,3.317321428571426,,,,,,-1.0199999999999818,2.430000000000007,-0.5500000000000114,0.539999999999992,2.6399999999999864,2.8499999999999943,2.4099999999999966,2.049999999999983,2.969999999999999,1.420000000000016
2023-11-15,187.845,189.5,187.78,188.01,53790499.0,0.164999999999992,69.274117863531,1.1254999999999966,0.6717499999999973,4.26585522500678,-2.9223552250067852,-0.01997704858865812,0.18262798191851703,3.0567857142857116,,,,,,-0.2599999999999909,-1.0199999999999818,2.430000000000007,-0.5500000000000114,0.539999999999992,2.6399999999999864,2.8499999999999943,2.4099999999999966,2.049999999999983,2.969999999999999
2023-11-16,189.57,190.96,188.65,189.71,54412915.0,0.1400000000000147,71.35454823183204,0.9344999999999999,0.7077499999999972,4.263280125548678,-2.8477801255486836,-0.0617703186864178,0.13374832179753007,3.1153571428571416,,,,,,0.164999999999992,-0.2599999999999909,-1.0199999999999818,2.430000000000007,-0.5500000000000114,0.539999999999992,2.6399999999999864,2.8499999999999943,2.4099999999999966,2.049999999999983
2023-11-17,190.25,190.38,188.57,189.69,50941404.0,-0.5600000000000023,71.29338874394591,0.6375,0.8012499999999975,4.098310692575479,-2.4958106925754846,-0.1496508543050466,0.07706848657701473,3.033928571428571,,,,,,0.1400000000000147,0.164999999999992,-0.2599999999999909,-1.0199999999999818,2.430000000000007,-0.5500000000000114,0.539999999999992,2.6399999999999864,2.8499999999999943,2.4099999999999966
2023-11-20,189.89,191.905,189.88,191.45,46538614.0,1.5600000000000025,73.45001007063732,0.5085000000000008,0.7747499999999974,4.036527808754636,-2.4870278087546414,-0.04768089384323071,0.05211861049296565,2.9778571428571428,,,,,,-0.5600000000000023,0.1400000000000147,0.164999999999992,-0.2599999999999909,-1.0199999999999818,2.430000000000007,-0.5500000000000114,0.539999999999992,2.6399999999999864,2.8499999999999943
2023-11-21,191.41,191.52,189.74,190.64,38134485.0,-0.7700000000000102,70.81329146845056,0.16750000000000115,0.7167499999999976,4.047851090282941,-2.6143510902829457,-0.15311547303875217,0.011071793786622083,2.8114285714285723,,,,,,1.5600000000000025,-0.5600000000000023,0.1400000000000147,0.164999999999992,-0.2599999999999909,-1.0199999999999818,2.430000000000007,-0.5500000000000114,0.539999999999992,2.6399999999999864
2023-11-22,191.49,192.93,190.825,191.31,39630011.0,-0.1800000000000068,71.71769286626636,0.09550000000000125,0.7467499999999972,4.031580004413429,-2.538080004413434,-0.1869104798382203,-0.028524660938346394,2.702857142857145,,,,,,-0.7700000000000102,1.5600000000000025,-0.5600000000000023,0.1400000000000147,0.164999999999992,-0.2599999999999909,-1.0199999999999818,2.430000000000007,-0.5500000000000114,0.539999999999992
2023-11-24,190.87,190.9,189.25,189.97,24048344.0,-0.9000000000000057,67.23067058693675,0.060500000000001816,0.8757499999999979,3.619798631991935,-1.8682986319919395,-0.26869391274563004,-0.07655851129980312,2.548571428571431,,,,,,-0.1800000000000068,-0.7700000000000102,1.5600000000000025,-0.5600000000000023,0.1400000000000147,0.164999999999992,-0.2599999999999909,-1.0199999999999818,2.430000000000007,-0.5500000000000114
2023-11-27,189.92,190.67,188.9,189.79,40552609.0,-0.1299999999999954,66.62764083177248,-0.1954999999999984,0.803749999999998,3.57525324971086,-1.9677532497108643,-0.26828271160191175,-0.11490335136022486,2.445000000000001,,,,,,-0.9000000000000057,-0.1800000000000068,-0.7700000000000102,1.5600000000000025,-0.5600000000000023,0.1400000000000147,0.164999999999992,-0.2599999999999909,-1.0199999999999818,2.430000000000007
2023-11-28,189.78,191.08,189.4,190.4,38415419.0,0.6200000000000045,67.68545966468064,-0.03149999999999977,0.7712499999999991,3.5349657958082403,-1.992465795808242,-0.2050741327958428,-0.13293750764734846,2.317142857142859,,,,,,-0.1299999999999954,-0.9000000000000057,-0.1800000000000068,-0.7700000000000102,1.5600000000000025,-0.5600000000000023,0.1400000000000147,0.164999999999992,-0.2599999999999909,-1.0199999999999818
2023-11-29,190.9,192.09,188.97,189.37,43014224.0,-1.5300000000000011,63.9967507662682,-0.1585000000000008,0.6237499999999983,3.551685998365791,-2.304185998365794,-0.32472468634897056,-0.17129494338767287,2.4071428571428606,,,,,,0.6200000000000045,-0.1299999999999954,-0.9000000000000057,-0.1800000000000068,-0.7700000000000102,1.5600000000000025,-0.5600000000000023,0.1400000000000147,0.164999999999992,-0.2599999999999909
2023-11-30,189.84,190.32,188.19,189.95,48794366.0,0.1099999999999852,65.14854619895249,-0.16400000000000148,0.4807499999999976,3.1979820959310525,-2.236482095931057,-0.28394122048490966,-0.19382419880712023,2.3942857142857172,,,,,,-1.5300000000000011,0.6200000000000045,-0.1299999999999954,-0.9000000000000057,-0.1800000000000068,-0.7700000000000102,1.5600000000000025,-0.5600000000000023,0.1400000000000147,0.164999999999992
2023-12-01,190.33,191.56,189.23,191.24,45704823.0,0.9099999999999966,67.62902667562848,-0.08700000000000327,0.4237499999999983,3.048636714347473,-2.2011367143474763,-0.18493490141209856,-0.19204633932811593,2.263928571428575,,,,,,0.1099999999999852,-1.5300000000000011,0.6200000000000045,-0.1299999999999954,-0.9000000000000057,-0.1800000000000068,-0.7700000000000102,1.5600000000000025,-0.5600000000000023,0.1400000000000147
2023-12-04,189.98,190.05,187.4511,189.43,43389519.0,-0.549999999999983,61.062126881313624,-0.08600000000000135,0.27574999999999933,2.7590654302898714,-2.2075654302898724,-0.22172556423069678,-0.19798218430863213,2.378135714285719,,,,,,0.9099999999999966,0.1099999999999852,-1.5300000000000011,0.6200000000000045,-0.1299999999999954,-0.9000000000000057,-0.1800000000000068,-0.7700000000000102,1.5600000000000025,-0.5600000000000023
2023-12-05,190.21,194.4,190.18,193.42,66628398.0,3.2099999999999795,68.35653815965927,0.07899999999999636,0.29374999999999857,2.8594814028516122,-2.2719814028516154,0.05191964939268562,-0.14800181756836858,2.4967071428571472,,,,,,-0.549999999999983,0.9099999999999966,0.1099999999999852,-1.5300000000000011,0.6200000000000045,-0.1299999999999954,-0.9000000000000057,-0.1800000000000068,-0.7700000000000102,1.5600000000000025
2023-12-06,194.45,194.76,192.11,192.32,40895115.0,-2.1299999999999955,64.75493887543445,-0.05700000000000218,0.05524999999999949,2.589278361491259,-2.4787783614912597,-0.1602605353683967,-0.1504535611283742,2.5388500000000027,,,,,,3.2099999999999795,-0.549999999999983,0.9099999999999966,0.1099999999999852,-1.5300000000000011,0.6200000000000045,-0.1299999999999954,-0.9000000000000057,-0.1800000000000068,-0.7700000000000102
2023-12-07,193.63,195.0,193.59,194.27,47477655.0,0.6400000000000148,67.97612501953307,0.024999999999999977,0.06025000000000062,2.5986964270805233,-2.4781964270805217,-0.10370358000607122,-0.14110356490391363,2.5195642857142877,,,,,,-2.1299999999999955,3.2099999999999795,-0.549999999999983,0.9099999999999966,0.1099999999999852,-1.5300000000000011,0.6200000000000045,-0.1299999999999954,-0.9000000000000057,-0.1800000000000068
2023-12-08,194.2,195.99,193.67,195.71,53406358.0,1.510000000000019,70.14599037961501,0.26600000000000246,0.16325000000000217,2.7638496778071246,-2.43734967780712,0.011190941488697759,-0.11064466362539135,2.5559928571428605,,,,,,0.6400000000000148,-2.1299999999999955,3.2099999999999795,-0.549999999999983,0.9099999999999966,0.1099999999999852,-1.5300000000000011,0.6200000000000045,-0.1299999999999954,-0.9000000000000057
2023-12-11,193.11,193.49,191.42,193.18,60943699.0,0.0699999999999931,62.17491659969713,0.2860000000000013,0.04525000000000146,2.416874970352603,-2.3263749703526,-0.013791310234647136,-0.09127399294724252,2.7042071428571473,,,,,,1.510000000000019,0.6400000000000148,-2.1299999999999955,3.2099999999999795,-0.549999999999983,0.9099999999999966,0.1099999999999852,-1.5300000000000011,0.6200000000000045,-0.1299999999999954
2023-12-12,193.08,194.72,191.721,194.71,52696900.0,1.6299999999999957,64.78132565290227,0.38700000000000045,0.17775000000000035,2.5944647666114595,-2.2389647666114585,0.09123731089646064,-0.054771732178501883,2.7912785714285753,,,,,,0.0699999999999931,1.510000000000019,0.6400000000000148,-2.1299999999999955,3.2099999999999795,-0.549999999999983,0.9099999999999966,0.1099999999999852,-1.5300000000000011,0.6200000000000045
2023-12-13,195.09,198.0,194.85,197.96,70404183.0,2.8700000000000045,69.57692032988925,0.8270000000000011,0.3342500000000001,3.021810574592739,-2.353310574592739,0.2714023296071988,0.01046308017863825,2.8627071428571447,,,,,,1.6299999999999957,0.0699999999999931,1.510000000000019,0.6400000000000148,-2.1299999999999955,3.2099999999999795,-0.549999999999983,0.9099999999999966,0.1099999999999852,-1.5300000000000011
2023-12-14,198.02,199.62,196.16,198.11,66831572.0,0.0900000000000034,69.78144034038108,0.8250000000000028,0.3305000000000007,3.019263950023758,-2.3582639500237565,0.1876979729890339,0.04591005874071739,2.962707142857145,,,,,,2.8700000000000045,1.6299999999999957,0.0699999999999931,1.510000000000019,0.6400000000000148,-2.1299999999999955,3.2099999999999795,-0.549999999999983,0.9099999999999966,0.1099999999999852
2023-12-15,197.53,198.3999,197.0,197.57,128538401.0,0.039999999999992,68.00894201118197,0.7380000000000024,0.32549999999999957,3.016126810165047,-2.365126810165048,0.11599002437948458,0.05992605186847083,2.9362714285714326,,,,,,0.0900000000000034,2.8700000000000045,1.6299999999999957,0.0699999999999931,1.510000000000019,0.6400000000000148,-2.1299999999999955,3.2099999999999795,-0.549999999999983,0.9099999999999966
2023-12-18,196.09,196.63,194.39,195.89,55751861.0,-0.200000000000017,62.67508870148312,0.772999999999999,0.3434999999999988,3.013924961253208,-2.3269249612532104,0.03934146037622449,0.05580913357002157,3.0434142857142894,,,,,,0.039999999999992,0.0900000000000034,2.8700000000000045,1.6299999999999957,0.0699999999999931,1.510000000000019,0.6400000000000148,-2.1299999999999955,3.2099999999999795,-0.549999999999983
2023-12-19,196.16,196.95,195.89,196.94,40233138.0,0.7800000000000011,64.54662123124301,0.5300000000000011,0.30449999999999877,2.9223856474563363,-2.313385647456339,0.05701746908733307,0.05605080067348387,2.896271428571432,,,,,,-0.200000000000017,0.039999999999992,0.0900000000000034,2.8700000000000045,1.6299999999999957,0.0699999999999931,1.510000000000019,0.6400000000000148,-2.1299999999999955,3.2099999999999795
2023-12-20,196.9,197.68,194.83,194.83,52242815.0,-2.069999999999993,58.228183925785665,0.5360000000000014,0.2394999999999996,3.0286705992246024,-2.549670599224603,-0.15713400521692417,0.013413839495402265,2.9477000000000038,,,,,,0.7800000000000011,-0.200000000000017,0.039999999999992,0.0900000000000034,2.8700000000000045,1.6299999999999957,0.0699999999999931,1.510000000000019,0.6400000000000148,-2.1299999999999955
2023-12-21,196.1,197.08,193.5,194.68,46482549.0,-1.4199999999999875,57.79505188458806,0.3300000000000011,0.17750000000000057,3.059515924569755,-2.704515924569754,-0.271273946563941,-0.04352371771646639,3.0369857142857177,,,,,,-2.069999999999993,0.7800000000000011,-0.200000000000017,0.039999999999992,0.0900000000000034,2.8700000000000045,1.6299999999999957,0.0699999999999931,1.510000000000019,0.6400000000000148
2023-12-22,195.18,195.41,192.97,193.6,37149570.0,-1.5800000000000125,54.643374481189575,0.020999999999997975,0.14350000000000024,3.094262791657703,-2.807262791657702,-0.37037191831372607,-0.10889335783591833,2.9406357142857167,,,,,,-1.4199999999999875,-2.069999999999993,0.7800000000000011,-0.200000000000017,0.039999999999992,0.0900000000000034,2.8700000000000045,1.6299999999999957,0.0699999999999931,1.510000000000019
2023-12-26,193.61,193.89,192.83,193.05,28919310.0,-0.5600000000000023,53.05660381081614,-0.04200000000000156,0.12199999999999989,3.0873834401925833,-2.8433834401925835,-0.36242449540186195,-0.15959958534910706,2.661350000000001,,,,,,-1.5800000000000125,-1.4199999999999875,-2.069999999999993,0.7800000000000011,-0.200000000000017,0.039999999999992,0.0900000000000034,2.8700000000000045,1.6299999999999957,0.0699999999999931
2023-12-27,192.49,193.5,191.09,193.15,47899806.0,0.6599999999999966,53.322009846568385,-0.13900000000000148,0.12399999999999949,3.090851245982759,-2.8428512459827595,-0.2547457510076453,-0.17862881848081472,2.644207142857145,,,,,,-0.5600000000000023,-1.5800000000000125,-1.4199999999999875,-2.069999999999993,0.7800000000000011,-0.200000000000017,0.039999999999992,0.0900000000000034,2.8700000000000045,1.6299999999999957
2023-12-28,194.14,194.66,193.17,193.58,34049898.0,-0.5599999999999739,54.512915961468345,-0.4819999999999993,0.17250000000000085,3.056049530480934,-2.7110495304809326,-0.2648009142200642,-0.19586323762866464,2.5606357142857155,,,,,,0.6599999999999966,-0.5600000000000023,-1.5800000000000125,-1.4199999999999875,-2.069999999999993,0.7800000000000011,-0.200000000000017,0.039999999999992,0.0900000000000034,2.8700000000000045
2023-12-29,193.9,194.4,191.725,192.53,42672148.0,-1.3700000000000043,51.08548714977226,-0.6280000000000001,0.09850000000000138,3.063611340769158,-2.8666113407691554,-0.33427660147515187,-0.22354591039796212,2.5859928571428576,,,,,,-0.5599999999999739,0.6599999999999966,-0.5600000000000023,-1.5800000000000125,-1.4199999999999875,-2.069999999999993,0.7800000000000011,-0.200000000000017,0.039999999999992,0.0900000000000034
2024-01-02,187.15,188.44,183.885,185.64,82488674.0,-1.510000000000019,35.37022930116457,-0.7830000000000013,-0.02249999999999941,3.0001295627622313,-3.0451295627622303,-0.39606779118811175,-0.25805028655599205,2.8970642857142854,,,,,,-1.3700000000000043,-0.5599999999999739,0.6599999999999966,-0.5600000000000023,-1.5800000000000125,-1.4199999999999875,-2.069999999999993,0.7800000000000011,-0.200000000000017,0.039999999999992
2024-01-03,184.22,185.88,183.43,184.25,58414460.0,0.0300000000000011,33.1543564524751,-0.7599999999999995,0.006499999999999793,3.018932309787661,-3.005932309787661,-0.3171170960493964,-0.2698636484546729,2.857849999999999,,,,,,-1.510000000000019,-1.3700000000000043,-0.5599999999999739,0.6599999999999966,-0.5600000000000023,-1.5800000000000125,-1.4199999999999875,-2.069999999999993,0.7800000000000011,-0.200000000000017
2024-01-04,182.15,183.0872,180.88,181.91,71983570.0,-0.2400000000000091,29.77282979141107,-0.8620000000000004,-0.16599999999999965,2.4420151759326014,-2.7740151759326004,-0.2731857298176472,-0.27052806472726776,2.863564285714286,,,,,,0.0300000000000011,-1.510000000000019,-1.3700000000000043,-0.5599999999999739,0.6599999999999966,-0.5600000000000023,-1.5800000000000125,-1.4199999999999875,-2.069999999999993,0.7800000000000011
2024-01-05,181.99,182.76,180.17,181.18,62196924.0,-0.8100000000000023,28.78643277520841,-0.7360000000000013,-0.09999999999999998,2.361433044301423,-2.561433044301423,-0.28112342601992124,-0.27264713698579846,2.801421428571428,,,,,,-0.2400000000000091,0.0300000000000011,-1.510000000000019,-1.3700000000000043,-0.5599999999999739,0.6599999999999966,-0.5600000000000023,-1.5800000000000125,-1.4199999999999875,-2.069999999999993
2024-01-08,182.085,185.6,181.5,185.56,59144470.0,3.4749999999999943,41.343392713597154,-0.24650000000000313,0.041749999999998996,2.965689798861876,-2.882189798861878,0.057684628818979705,-0.20658078382484282,3.0171428571428556,,,,,,-0.8100000000000023,-0.2400000000000091,0.0300000000000011,-1.510000000000019,-1.3700000000000043,-0.5599999999999739,0.6599999999999966,-0.5600000000000023,-1.5800000000000125,-1.4199999999999875
2024-01-09,183.92,185.15,182.73,185.14,42841809.0,1.2199999999999989,40.60404132629481,0.033499999999998,0.027249999999997988,2.9232753615493126,-2.868775361549317,0.14258912045835856,-0.13674680296820255,2.992142857142856,,,,,,3.4749999999999943,-0.8100000000000023,-0.2400000000000091,0.0300000000000011,-1.510000000000019,-1.3700000000000043,-0.5599999999999739,0.6599999999999966,-0.5600000000000023,-1.5800000000000125
2024-01-10,184.35,186.4,183.92,186.19,46792908.0,1.8400000000000036,43.33241695275929,0.27349999999999863,0.1157499999999985,3.1233076294955406,-2.8918076294955437,0.2569434757831332,-0.058008747217935405,3.093571428571429,,,,,,1.2199999999999989,3.4749999999999943,-0.8100000000000023,-0.2400000000000091,0.0300000000000011,-1.510000000000019,-1.3700000000000043,-0.5599999999999739,0.6599999999999966,-0.5600000000000023
2024-01-11,186.54,187.05,183.62,185.59,49128408.0,-0.9499999999999886,42.14117350553078,0.11250000000000007,-0.013250000000000695,2.941699950595832,-2.9681999505958334,0.1210451105728218,-0.022197975659783965,3.135000000000001,,,,,,1.8400000000000036,1.2199999999999989,3.4749999999999943,-0.8100000000000023,-0.2400000000000091,0.0300000000000011,-1.510000000000019,-1.3700000000000043,-0.5599999999999739,0.6599999999999966
2024-01-12,186.06,186.74,185.19,185.92,40477782.0,-0.1400000000000147,43.068195279959156,0.15449999999999597,-0.16375000000000167,2.4610565091595418,-2.788556509159545,0.07780798557245808,-0.0021967834133355558,2.990000000000001,,,,,,-0.9499999999999886,1.8400000000000036,1.2199999999999989,3.4749999999999943,-0.8100000000000023,-0.2400000000000091,0.0300000000000011,-1.510000000000019,-1.3700000000000043,-0.5599999999999739
2024-01-16,182.16,184.26,180.934,183.63,65603041.0,1.4699999999999989,38.46279502571123,0.4384999999999962,-0.09475000000000189,2.628837948972725,-2.8183379489727285,0.17147909293032282,0.03253839185539612,3.171857142857143,,,,,,-0.1400000000000147,-0.9499999999999886,1.8400000000000036,1.2199999999999989,3.4749999999999943,-0.8100000000000023,-0.2400000000000091,0.0300000000000011,-1.510000000000019,-1.3700000000000043
2024-01-17,181.27,182.93,180.3,182.68,47317433.0,1.4099999999999966,36.709087743570265,0.7304999999999978,-0.02625000000000166,2.779287522378495,-2.831787522378498,0.23812763467303355,0.07365624041892362,3.334000000000001,,,,,,1.4699999999999989,-0.1400000000000147,-0.9499999999999886,1.8400000000000036,1.2199999999999989,3.4749999999999943,-0.8100000000000023,-0.2400000000000091,0.0300000000000011,-1.510000000000019
2024-01-18,186.09,189.14,185.83,188.63,78005754.0,2.539999999999992,51.59523798576054,0.9814999999999969,0.1107499999999988,3.139298853476647,-2.917798853476649,0.377773898036433,0.1344797719424255,3.623285714285714,,,,,,1.4099999999999966,1.4699999999999989,-0.1400000000000147,-0.9499999999999886,1.8400000000000036,1.2199999999999989,3.4749999999999943,-0.8100000000000023,-0.2400000000000091,0.0300000000000011
2024-01-19,189.33,191.95,188.82,191.56,68902985.0,2.2299999999999898,56.963276029594255,1.2284999999999968,0.18324999999999822,3.345717848806815,-2.9792178488068184,0.45814890325805424,0.19921359820555126,3.7525714285714287,,,,,,2.539999999999992,1.4099999999999966,1.4699999999999989,-0.1400000000000147,-0.9499999999999886,1.8400000000000036,1.2199999999999989,3.4749999999999943,-0.8100000000000023,-0.2400000000000091
2024-01-22,192.3,195.33,192.26,193.89,60133852.0,1.589999999999975,60.69608913419457,1.4684999999999946,0.36624999999999663,3.4007097628954526,-2.6682097628954597,0.4648455722692031,0.25233999301828164,3.8307857142857142,,,,,,2.2299999999999898,2.539999999999992,1.4099999999999966,1.4699999999999989,-0.1400000000000147,-0.9499999999999886,1.8400000000000036,1.2199999999999989,3.4749999999999943,-0.8100000000000023
2024-01-23,195.02,195.75,193.8299,195.18,42355590.0,0.1599999999999966,62.62873936153476,1.1369999999999947,0.4452499999999958,3.363965425806713,-2.4734654258067215,0.3507207907563532,0.27201615256589595,3.350435714285713,,,,,,1.589999999999975,2.2299999999999898,2.539999999999992,1.4099999999999966,1.4699999999999989,-0.1400000000000147,-0.9499999999999886,1.8400000000000036,1.2199999999999989,3.4749999999999943
2024-01-24,195.42,196.38,194.34,194.5,53463269.0,-0.9199999999999876,60.92799793877509,0.9229999999999962,0.47824999999999707,3.3143059622568414,-2.3578059622568475,0.17115612386444812,0.2518441468256064,3.321149999999999,,,,,,0.1599999999999966,1.589999999999975,2.2299999999999898,2.539999999999992,1.4099999999999966,1.4699999999999989,-0.1400000000000147,-0.9499999999999886,1.8400000000000036,1.2199999999999989
2024-01-25,195.22,196.2675,193.1125,194.17,54822126.0,-1.0500000000000114,60.07538698666888,0.6339999999999947,0.4537499999999966,3.3356661662813227,-2.428166166281329,0.018150688278316007,0.20510545511614833,3.3057928571428556,,,,,,-0.9199999999999876,0.1599999999999966,1.589999999999975,2.2299999999999898,2.539999999999992,1.4099999999999966,1.4699999999999989,-0.1400000000000147,-0.9499999999999886,1.8400000000000036
2024-01-26,194.27,194.76,191.94,192.42,44594011.0,-1.8500000000000227,55.62959925646696,0.5439999999999913,0.3282499999999956,3.3856160404444737,-2.7291160404444823,-0.16574987451171236,0.1309343891905762,3.3222214285714267,,,,,,-1.0500000000000114,-0.9199999999999876,0.1599999999999966,1.589999999999975,2.2299999999999898,2.539999999999992,1.4099999999999966,1.4699999999999989,-0.1400000000000147,-0.9499999999999886
2024-01-29,192.01,192.2,189.58,191.73,47145622.0,-0.2800000000000011,53.93480499767281,0.5299999999999927,0.3422499999999943,3.3850196438053146,-2.7005196438053263,-0.18270045932427736,0.06820741948760549,3.209364285714283,,,,,,-1.8500000000000227,-1.0500000000000114,-0.9199999999999876,0.1599999999999966,1.589999999999975,2.2299999999999898,2.539999999999992,1.4099999999999966,1.4699999999999989,-0.1400000000000147
2024-01-30,190.94,191.8,187.47,188.04,55859370.0,-2.9000000000000057,45.884079244993295,0.0929999999999922,0.2657499999999942,3.5565973952687826,-3.025097395268794,-0.40290162452700784,-0.026014389315317174,3.31650714285714,,,,,,-0.2800000000000011,-1.8500000000000227,-1.0500000000000114,-0.9199999999999876,0.1599999999999966,1.589999999999975,2.2299999999999898,2.539999999999992,1.4099999999999966,1.4699999999999989
2024-01-31,187.04,187.095,184.35,184.4,55467803.0,-2.6399999999999864,39.604005633860154,-0.31200000000000616,0.20924999999999586,3.6632244841040795,-3.2447244841040876,-0.5500916927111739,-0.13082984999448852,3.40293571428571,,,,,,-2.9000000000000057,-0.2800000000000011,-1.8500000000000227,-1.0500000000000114,-0.9199999999999876,0.1599999999999966,1.589999999999975,2.2299999999999898,2.539999999999992,1.4099999999999966
2024-02-01,183.985,186.95,183.82,186.86,64885408.0,2.875,45.075285474619406,-0.27850000000000535,0.3514999999999958,4.00307802946385,-3.300078029463859,-0.21919967555961084,-0.14850381510751298,3.3815071428571377,,,,,,-2.6399999999999864,-2.9000000000000057,-0.2800000000000011,-1.8500000000000227,-1.0500000000000114,-0.9199999999999876,0.1599999999999966,1.589999999999975,2.2299999999999898,2.539999999999992
2024-02-02,179.86,187.33,179.25,185.85,102551680.0,5.989999999999981,43.33934785668649,0.09749999999999374,0.6629999999999953,5.083973219838162,-3.757973219838172,0.29103423731479877,-0.060596204623050626,3.847935714285709,,,,,,2.875,-2.6399999999999864,-2.9000000000000057,-0.2800000000000011,-1.8500000000000227,-1.0500000000000114,-0.9199999999999876,0.1599999999999966,1.589999999999975,2.2299999999999898
2024-02-05,188.15,189.25,185.84,187.68,69668820.0,-0.4699999999999988,47.29960934434125,-0.10850000000000364,0.6799999999999955,5.079687787966192,-3.719687787966201,0.17214588714728885,-0.014047786268982732,3.735364285714281,,,,,,5.989999999999981,2.875,-2.6399999999999864,-2.9000000000000057,-0.2800000000000011,-1.8500000000000227,-1.0500000000000114,-0.9199999999999876,0.1599999999999966,1.589999999999975
2024-02-06,186.86,189.31,186.7695,189.3,43490759.0,2.4399999999999977,50.591835223961674,0.11949999999999647,0.6282499999999956,4.912344542914696,-3.655844542914705,0.30917471949870057,0.05059671488455393,3.6789714285714257,,,,,,-0.4699999999999988,5.989999999999981,2.875,-2.6399999999999864,-2.9000000000000057,-0.2800000000000011,-1.8500000000000227,-1.0500000000000114,-0.9199999999999876,0.1599999999999966
2024-02-07,190.64,191.05,188.61,189.41,53438955.0,-1.2299999999999898,50.816511631977626,0.08849999999999625,0.5057499999999961,4.85816647944291,-3.8466664794429173,0.12024659989369701,0.06452669188638255,3.3918285714285696,,,,,,2.4399999999999977,-0.4699999999999988,5.989999999999981,2.875,-2.6399999999999864,-2.9000000000000057,-0.2800000000000011,-1.8500000000000227,-1.0500000000000114,-0.9199999999999876
2024-02-08,189.385,189.535,187.35,188.32,40962046.0,-1.0649999999999975,48.46469875934342,0.08699999999999763,0.36049999999999616,4.719322752702107,-3.9983227527021143,-0.015981945094767303,0.048424964490152586,3.310757142857142,,,,,,-1.2299999999999898,2.4399999999999977,-0.4699999999999988,5.989999999999981,2.875,-2.6399999999999864,-2.9000000000000057,-0.2800000000000011,-1.8500000000000227,-1.0500000000000114
2024-02-09,188.65,189.99,188.0,188.85,45155216.0,0.1999999999999886,49.684074182161076,0.29199999999999876,0.417999999999995,4.734164720528715,-3.898164720528725,-0.02161989977126022,0.03441599163787003,3.1836142857142846,,,,,,-1.0649999999999975,-1.2299999999999898,2.4399999999999977,-0.4699999999999988,5.989999999999981,2.875,-2.6399999999999864,-2.9000000000000057,-0.2800000000000011,-1.8500000000000227
2024-02-12,188.415,188.67,186.79,187.15,41781934.0,-1.2649999999999864,45.93012826298736,0.19350000000000023,0.3617499999999964,4.737446365632606,-4.013946365632614,-0.14265681697054744,-0.0009985700838134638,3.1936071428571426,,,,,,0.1999999999999886,-1.0649999999999975,-1.2299999999999898,2.4399999999999977,-0.4699999999999988,5.989999999999981,2.875,-2.6399999999999864,-2.9000000000000057,-0.2800000000000011
2024-02-13,185.77,186.21,183.5128,185.04,56529529.0,-0.7300000000000182,41.71702276791258,0.410499999999999,0.2517499999999956,4.620746361926408,-4.117246361926417,-0.19318252911277728,-0.039435361889606224,3.307692857142858,,,,,,-1.2649999999999864,0.1999999999999886,-1.0649999999999975,-1.2299999999999898,2.4399999999999977,-0.4699999999999988,5.989999999999981,2.875,-2.6399999999999864,-2.9000000000000057
2024-02-14,185.32,185.53,182.44,184.15,54630517.0,-1.1699999999999875,40.04831178719811,0.5574999999999989,0.12274999999999636,4.500098963398771,-4.254598963398778,-0.26566640581551587,-0.08468157067478815,3.303050000000001,,,,,,-0.7300000000000182,-1.2649999999999864,0.1999999999999886,-1.0649999999999975,-1.2299999999999898,2.4399999999999977,-0.4699999999999988,5.989999999999981,2.875,-2.6399999999999864
2024-02-15,183.55,184.49,181.35,183.86,65434496.0,0.3100000000000023,39.49395279733633,0.3009999999999991,0.011249999999996884,4.2404453633111485,-4.217945363311155,-0.20136555245366783,-0.1080183670305641,3.325907142857145,,,,,,-1.1699999999999875,-0.7300000000000182,-1.2649999999999864,0.1999999999999886,-1.0649999999999975,-1.2299999999999898,2.4399999999999977,-0.4699999999999988,5.989999999999981,2.875
2024-02-16,183.42,184.85,181.665,182.31,49752465.0,-1.1099999999999852,36.57946268147548,-0.4089999999999975,-0.1557500000000019,3.966985774113809,-4.278485774113813,-0.2619689801336586,-0.138808489651183,3.3505500000000046,,,,,,0.3100000000000023,-1.1699999999999875,-0.7300000000000182,-1.2649999999999864,0.1999999999999886,-1.0649999999999975,-1.2299999999999898,2.4399999999999977,-0.4699999999999988,5.989999999999981
2024-02-20,181.79,182.43,180.0,181.56,53665553.0,-0.2299999999999897,35.22490932592288,-0.38499999999999657,-0.2467500000000001,3.793254266542814,-4.286754266542815,-0.23626546643412283,-0.15829988500777098,3.2148357142857185,,,,,,-1.1099999999999852,0.3100000000000023,-1.1699999999999875,-0.7300000000000182,-1.2649999999999864,0.1999999999999886,-1.0649999999999975,-1.2299999999999898,2.4399999999999977,-0.4699999999999988
2024-02-21,181.94,182.8888,180.66,182.32,41529674.0,0.3799999999999954,37.740842192549394,-0.5909999999999969,-0.23575000000000018,3.810111140526325,-4.2816111405263255,-0.16477393329136386,-0.15959469466448958,3.1104642857142903,,,,,,-0.2299999999999897,-1.1099999999999852,0.3100000000000023,-1.1699999999999875,-0.7300000000000182,-1.2649999999999864,0.1999999999999886,-1.0649999999999975,-1.2299999999999898,2.4399999999999977
2024-02-22,183.48,184.955,182.46,184.37,52292208.0,0.8900000000000148,44.05319495745913,-0.37899999999999634,-0.14525000000000005,3.9171066857312278,-4.2076066857312275,-0.06620052204513958,-0.1409158601406196,3.0751071428571493,,,,,,0.3799999999999954,-0.2299999999999897,-1.1099999999999852,0.3100000000000023,-1.1699999999999875,-0.7300000000000182,-1.2649999999999864,0.1999999999999886,-1.0649999999999975,-1.2299999999999898
2024-02-23,185.01,185.04,182.23,182.52,45119677.0,-2.4899999999999807,40.10176690456312,-0.5214999999999946,-0.21724999999999853,3.9619874965574176,-4.396487496557414,-0.25784584916510445,-0.16430185794551658,2.698678571428577,,,,,,0.8900000000000148,0.3799999999999954,-0.2299999999999897,-1.1099999999999852,0.3100000000000023,-1.1699999999999875,-0.7300000000000182,-1.2649999999999864,0.1999999999999886,-1.0649999999999975
2024-02-26,182.24,182.76,180.65,181.16,40867421.0,-1.0800000000000125,37.44289193576714,-0.6494999999999947,-0.17874999999999802,3.9510503966038595,-4.308550396603856,-0.292578275265762,-0.18995714140956566,2.6058214285714336,,,,,,-2.4899999999999807,0.8900000000000148,0.3799999999999954,-0.2299999999999897,-1.1099999999999852,0.3100000000000023,-1.1699999999999875,-0.7300000000000182,-1.2649999999999864,0.1999999999999886
2024-02-27,181.1,183.9225,179.56,182.63,54318851.0,1.5300000000000011,41.9250422736459,-0.369999999999996,-0.0882499999999979,4.11095327656267,-4.287453276562665,-0.10825093645270607,-0.17361590041819375,2.735964285714291,,,,,,-1.0800000000000125,-2.4899999999999807,0.8900000000000148,0.3799999999999954,-0.2299999999999897,-1.1099999999999852,0.3100000000000023,-1.1699999999999875,-0.7300000000000182,-1.2649999999999864
2024-02-28,182.51,183.12,180.13,181.42,48953939.0,-1.0900000000000034,39.421279430897656,-0.40599999999999453,0.002250000000002217,4.020418573393909,-4.015918573393905,-0.1716041503575464,-0.1732135504060643,2.775250000000006,,,,,,1.5300000000000011,-1.0800000000000125,-2.4899999999999807,0.8900000000000148,0.3799999999999954,-0.2299999999999897,-1.1099999999999852,0.3100000000000023,-1.1699999999999875,-0.7300000000000182
2024-02-29,181.27,182.57,179.53,180.75,136682597.0,-0.5200000000000102,38.06569202275932,-0.3409999999999968,0.10825000000000103,3.940482103453125,-3.7239821034531233,-0.17381417093418766,-0.17333367451168896,2.8363214285714338,,,,,,-1.0900000000000034,1.5300000000000011,-1.0800000000000125,-2.4899999999999807,0.8900000000000148,0.3799999999999954,-0.2299999999999897,-1.1099999999999852,0.3100000000000023,-1.1699999999999875
2024-03-01,179.55,180.53,177.38,179.66,73563082.0,0.1099999999999852,35.90267471912935,-0.36099999999999854,-0.029999999999999714,3.574714748916001,-3.6347147489160005,-0.12330847000780507,-0.16332863361091218,2.934892857142862,,,,,,-0.5200000000000102,-1.0900000000000034,1.5300000000000011,-1.0800000000000125,-2.4899999999999807,0.8900000000000148,0.3799999999999954,-0.2299999999999897,-1.1099999999999852,0.3100000000000023
2024-03-04,176.15,176.9,173.79,175.1,81510101.0,-1.0500000000000114,28.584806975828485,-0.35500000000000115,-0.38199999999999934,1.8678313387077603,-2.6318313387077588,-0.1748688642106925,-0.16563667973086826,3.2070357142857193,,,,,,0.1099999999999852,-0.5200000000000102,-1.0900000000000034,1.5300000000000011,-1.0800000000000125,-2.4899999999999807,0.8900000000000148,0.3799999999999954,-0.2299999999999897,-1.1099999999999852
2024-03-05,170.76,172.04,169.62,170.12,95132355.0,-0.6399999999999864,23.057442843520647,-0.39600000000000085,-0.3904999999999987,1.8620141508989405,-2.6430141508989378,-0.18056582417921263,-0.16862250862053715,3.3386642857142896,,,,,,-1.0500000000000114,0.1099999999999852,-0.5200000000000102,-1.0900000000000034,1.5300000000000011,-1.0800000000000125,-2.4899999999999807,0.8900000000000148,0.3799999999999954,-0.2299999999999897
2024-03-06,171.06,171.24,168.68,169.12,68587707.0,-1.9399999999999975,22.131981155876588,-0.6280000000000001,-0.6094999999999985,1.3116096026159298,-2.530609602615927,-0.2866752278676072,-0.19223305246995115,3.3008071428571464,,,,,,-0.6399999999999864,-1.0500000000000114,0.1099999999999852,-0.5200000000000102,-1.0900000000000034,1.5300000000000011,-1.0800000000000125,-2.4899999999999807,0.8900000000000148,0.3799999999999954
2024-03-07,169.15,170.73,168.49,169.0,71765061.0,-0.1500000000000056,22.017775745888315,-0.7320000000000022,-0.5554999999999992,1.3528442809767895,-2.463844280976788,-0.22375039910076466,-0.19853652179611386,3.2365214285714297,,,,,,-1.9399999999999975,-0.6399999999999864,-1.0500000000000114,0.1099999999999852,-0.5200000000000102,-1.0900000000000034,1.5300000000000011,-1.0800000000000125,-2.4899999999999807,0.8900000000000148
2024-03-08,169.0,173.7,168.94,170.73,76267041.0,1.7299999999999898,27.801950317105977,-0.3100000000000051,-0.4157499999999999,1.7300789405507675,-2.5615789405507674,-0.02192894751305932,-0.16321500693950297,3.349021428571429,,,,,,-0.1500000000000056,-1.9399999999999975,-0.6399999999999864,-1.0500000000000114,0.1099999999999852,-0.5200000000000102,-1.0900000000000034,1.5300000000000011,-1.0800000000000125,-2.4899999999999807
2024-03-11,172.94,174.38,172.05,172.75,58929918.0,-0.1899999999999977,33.961291929293324,-0.22100000000000358,-0.4352499999999992,1.694043124613492,-2.56454312461349,-0.01671921823479275,-0.13391584919856095,3.4361642857142862,,,,,,1.7299999999999898,-0.1500000000000056,-1.9399999999999975,-0.6399999999999864,-1.0500000000000114,0.1099999999999852,-0.5200000000000102,-1.0900000000000034,1.5300000000000011,-1.0800000000000125
2024-03-12,173.15,174.03,171.01,173.23,59544927.0,0.079999999999984,35.37221281827743,-0.3660000000000053,-0.36800000000000066,1.7357570402046179,-2.4717570402046194,0.009091472433190084,-0.10531438487221075,3.492678571428572,,,,,,-0.1899999999999977,1.7299999999999898,-0.1500000000000056,-1.9399999999999975,-0.6399999999999864,-1.0500000000000114,0.1099999999999852,-0.5200000000000102,-1.0900000000000034,1.5300000000000011
2024-03-13,172.77,173.185,170.76,171.13,51948951.0,-1.6400000000000148,32.13720767930636,-0.4210000000000065,-0.41350000000000053,1.7613831789558807,-2.5883831789558815,-0.10799806020509328,-0.10585111993878726,3.480892857142856,,,,,,0.079999999999984,-0.1899999999999977,1.7299999999999898,-0.1500000000000056,-1.9399999999999975,-0.6399999999999864,-1.0500000000000114,0.1099999999999852,-0.5200000000000102,-1.0900000000000034
2024-03-14,172.91,174.3078,172.05,173.0,72571635.0,0.0900000000000034,37.60913994901173,-0.3600000000000051,-0.350500000000001,1.8050263125766997,-2.5060263125767017,-0.06049842839514186,-0.09678058163005819,3.507164285714284,,,,,,-1.6400000000000148,0.079999999999984,-0.1899999999999977,1.7299999999999898,-0.1500000000000056,-1.9399999999999975,-0.6399999999999864,-1.0500000000000114,0.1099999999999852,-0.5200000000000102
2024-03-15,171.17,172.62,170.285,172.62,121752699.0,1.450000000000017,36.957012444900286,-0.22600000000000192,-0.2935000000000002,1.991943870282208,-2.5789438702822087,0.08589585212143253,-0.06024529487976006,3.550378571428571,,,,,,0.0900000000000034,-1.6400000000000148,0.079999999999984,-0.1899999999999977,1.7299999999999898,-0.1500000000000056,-1.9399999999999975,-0.6399999999999864,-1.0500000000000114,0.1099999999999852
2024-03-18,175.57,177.71,173.52,173.72,75604184.0,-1.8499999999999943,40.19001876374927,-0.3060000000000002,-0.3305000000000007,2.0332211964901514,-2.694221196490153,-0.06363450761198092,-0.06092313742620424,3.602342857142856,,,,,,1.450000000000017,0.0900000000000034,-1.6400000000000148,0.079999999999984,-0.1899999999999977,1.7299999999999898,-0.1500000000000056,-1.9399999999999975,-0.6399999999999864,-1.0500000000000114
2024-03-19,174.34,176.605,173.03,176.08,55215244.0,1.740000000000009,46.526033366613675,-0.06800000000000066,-0.23200000000000073,2.3070391883545236,-2.771039188354525,0.1063190225981597,-0.027474705421331454,3.644128571428569,,,,,,-1.8499999999999943,1.450000000000017,0.0900000000000034,-1.6400000000000148,0.079999999999984,-0.1899999999999977,1.7299999999999898,-0.1500000000000056,-1.9399999999999975,-0.6399999999999864
2024-03-20,175.72,178.67,175.09,178.67,53423102.0,2.9499999999999886,52.476163217066734,0.42099999999999793,-0.10350000000000108,2.7999373458114456,-3.006937345811448,0.33478610156509836,0.04497745597595451,3.682699999999997,,,,,,1.740000000000009,-1.8499999999999943,1.450000000000017,0.0900000000000034,-1.6400000000000148,0.079999999999984,-0.1899999999999977,1.7299999999999898,-0.1500000000000056,-1.9399999999999975
2024-03-21,177.05,177.49,170.84,171.37,106181270.0,-5.680000000000007,39.227262997179615,-0.13200000000000217,-0.43200000000000216,3.3514631865805833,-4.215463186580587,-0.178463749404566,0.0002892148998504124,4.001271428571424,,,,,,2.9499999999999886,1.740000000000009,-1.8499999999999943,1.450000000000017,0.0900000000000034,-1.6400000000000148,0.079999999999984,-0.1899999999999977,1.7299999999999898,-0.1500000000000056
2024-03-22,171.76,173.05,170.06,172.28,71160138.0,0.5200000000000102,41.219558765502555,-0.2530000000000001,-0.28150000000000264,3.3952335331356562,-3.9582335331356613,-0.08396190900296752,-0.016561009880713174,3.7955571428571386,,,,,,-5.680000000000007,2.9499999999999886,1.740000000000009,-1.8499999999999943,1.450000000000017,0.0900000000000034,-1.6400000000000148,0.079999999999984,-0.1899999999999977,1.7299999999999898
2024-03-25,170.565,171.94,169.45,170.85,54288328.0,0.2849999999999966,39.05296089665373,-0.20550000000000068,-0.21325000000000216,3.451731187572885,-3.878231187572889,-0.027711613429032805,-0.0187911305903771,3.606271428571426,,,,,,0.5200000000000102,-5.680000000000007,2.9499999999999886,1.740000000000009,-1.8499999999999943,1.450000000000017,0.0900000000000034,-1.6400000000000148,0.079999999999984,-0.1899999999999977
2024-03-26,170.0,171.42,169.58,169.71,57388449.0,-0.289999999999992,37.36674292202646,-0.2424999999999983,-0.3042500000000018,3.2676804451883097,-3.8761804451883135,-0.029194013040005767,-0.020871707080302837,3.5548428571428525,,,,,,0.2849999999999966,0.5200000000000102,-5.680000000000007,2.9499999999999886,1.740000000000009,-1.8499999999999943,1.450000000000017,0.0900000000000034,-1.6400000000000148,0.079999999999984
2024-03-27,170.41,173.6,170.11,173.31,60273265.0,2.9000000000000057,45.38619209387704,0.21150000000000374,-0.10475000000000137,3.719206995739252,-3.928706995739255,0.22445019254159654,0.02819267284407704,3.672699999999996,,,,,,-0.289999999999992,0.2849999999999966,0.5200000000000102,-5.680000000000007,2.9499999999999886,1.740000000000009,-1.8499999999999943,1.450000000000017,0.0900000000000034,-1.6400000000000148
2024-03-28,171.75,172.23,170.51,171.48,65672690.0,-0.2700000000000102,42.41332729450388,0.17550000000000238,-0.09225000000000136,3.727623895686529,-3.9121238956865314,0.16773895540419992,0.05610192935610162,3.5326999999999975,,,,,,2.9000000000000057,-0.289999999999992,0.2849999999999966,0.5200000000000102,-5.680000000000007,2.9499999999999886,1.740000000000009,-1.8499999999999943,1.450000000000017,0.0900000000000034
2024-04-01,171.19,171.25,169.475,170.03,43772506.0,-1.1599999999999966,40.16822737456124,-0.08549999999999898,-0.15575000000000044,3.6920891406907326,-4.003589140690734,0.0503983684116059,0.05496121716720248,3.4151999999999965,,,,,,-0.2700000000000102,2.9000000000000057,-0.289999999999992,0.2849999999999966,0.5200000000000102,-5.680000000000007,2.9499999999999886,1.740000000000009,-1.8499999999999943,1.450000000000017
2024-04-02,169.08,169.34,168.2302,168.84,49013991.0,-0.2400000000000091,38.37298710785355,0.07549999999999954,-0.11525000000000034,3.70994277120018,-3.940442771200181,0.03128083309362835,0.05022514035248766,3.3280428571428535,,,,,,-1.1599999999999966,-0.2700000000000102,2.9000000000000057,-0.289999999999992,0.2849999999999966,0.5200000000000102,-5.680000000000007,2.9499999999999886,1.740000000000009,-1.8499999999999943
2024-04-03,168.79,170.68,168.58,169.65,45571129.0,0.8600000000000136,40.32792861931729,-0.0125,-0.04025000000000034,3.800411230076215,-3.8809112300762156,0.10369551815112778,0.06091921591221569,3.301614285714282,,,,,,-0.2400000000000091,-1.1599999999999966,-0.2700000000000102,2.9000000000000057,-0.289999999999992,0.2849999999999966,0.5200000000000102,-5.680000000000007,2.9499999999999886,1.740000000000009
2024-04-04,170.29,171.92,168.82,168.82,53355055.0,-1.4699999999999989,38.96396267653311,-0.45449999999999874,-0.01675000000000041,3.780473743459787,-3.813973743459788,-0.026619990913808178,0.04341137454701092,3.2960571428571392,,,,,,0.8600000000000136,-0.2400000000000091,-1.1599999999999966,-0.2700000000000102,2.9000000000000057,-0.289999999999992,0.2849999999999966,0.5200000000000102,-5.680000000000007,2.9499999999999886
2024-04-05,169.59,170.39,168.95,169.58,41975776.0,-0.0099999999999909,40.933916160975684,0.11250000000000285,-0.009749999999999674,3.786955601051082,-3.806455601051081,-0.011948438290451835,0.03233941197951837,3.2142714285714242,,,,,,-1.4699999999999989,0.8600000000000136,-0.2400000000000091,-1.1599999999999966,-0.2700000000000102,2.9000000000000057,-0.289999999999992,0.2849999999999966,0.5200000000000102,-5.680000000000007
2024-04-08,169.03,169.2,168.24,168.45,37216858.0,-0.5800000000000125,38.92242086851637,0.0025000000000005686,-0.12524999999999978,3.5882466852791164,-3.838746685279116,-0.04578755303522619,0.016714018976569454,2.946414285714281,,,,,,-0.0099999999999909,-1.4699999999999989,0.8600000000000136,-0.2400000000000091,-1.1599999999999966,-0.2700000000000102,2.9000000000000057,-0.289999999999992,0.2849999999999966,0.5200000000000102
2024-04-09,168.7,170.08,168.35,169.67,42231444.0,0.9699999999999988,42.223479074822045,0.07100000000000078,-0.06724999999999996,3.6780874171656537,-3.8125874171656537,0.05186883915089424,0.023744983011434413,2.814628571428569,,,,,,-0.5800000000000125,-0.0099999999999909,-1.4699999999999989,0.8600000000000136,-0.2400000000000091,-1.1599999999999966,-0.2700000000000102,2.9000000000000057,-0.289999999999992,0.2849999999999966
2024-04-10,168.8,169.09,167.11,167.78,49709336.0,-1.0200000000000102,38.731125978757454,-0.002000000000001045,-0.12224999999999968,3.6462181726692475,-3.890718172669247,-0.030957279098167645,0.012804530589514002,2.7417714285714254,,,,,,0.9699999999999988,-0.5800000000000125,-0.0099999999999909,-1.4699999999999989,0.8600000000000136,-0.2400000000000091,-1.1599999999999966,-0.2700000000000102,2.9000000000000057,-0.289999999999992
2024-04-11,168.34,175.46,168.16,175.04,91070275.0,6.699999999999989,54.350393679183476,0.3779999999999973,0.2947500000000005,5.067880358690472,-4.478380358690471,0.5203437083602388,0.11431236614365897,2.7310571428571415,,,,,,-1.0200000000000102,0.9699999999999988,-0.5800000000000125,-0.0099999999999909,-1.4699999999999989,0.8600000000000136,-0.2400000000000091,-1.1599999999999966,-0.2700000000000102,2.9000000000000057
2024-04-12,174.26,178.36,174.21,176.55,101670886.0,2.2900000000000205,56.81624121554217,0.6340000000000003,0.4047500000000014,5.258728807448373,-4.449228807448369,0.5945499668150015,0.21035988627792748,2.813914285714284,,,,,,6.699999999999989,-1.0200000000000102,0.9699999999999988,-0.5800000000000125,-0.0099999999999909,-1.4699999999999989,0.8600000000000136,-0.2400000000000091,-1.1599999999999966,-0.2700000000000102
2024-04-15,175.36,176.63,172.5,172.69,73531773.0,-2.670000000000016,49.46114452347464,0.48299999999999843,0.1987499999999997,5.213005336433057,-4.815505336433058,0.2502437594298126,0.21833666090830453,2.9067714285714255,,,,,,2.2900000000000205,6.699999999999989,-1.0200000000000102,0.9699999999999988,-0.5800000000000125,-0.0099999999999909,-1.4699999999999989,0.8600000000000136,-0.2400000000000091,-1.1599999999999966
2024-04-16,171.75,173.76,168.27,169.38,73711235.0,-2.3700000000000045,44.179577249566485,0.26999999999999885,0.1727499999999992,5.23687924400632,-4.891379244006322,0.001568027040508041,0.17498293413474525,3.1674857142857116,,,,,,-2.670000000000016,2.2900000000000205,6.699999999999989,-1.0200000000000102,0.9699999999999988,-0.5800000000000125,-0.0099999999999909,-1.4699999999999989,0.8600000000000136,-0.2400000000000091
2024-04-17,169.61,170.65,168.0,168.0,50901210.0,-1.6100000000000136,42.15833716177986,0.022999999999996135,0.005249999999998067,5.07272053583728,-5.062220535837283,-0.13265447585185958,0.1134554521374243,3.0789142857142844,,,,,,-2.3700000000000045,-2.670000000000016,2.2900000000000205,6.699999999999989,-1.0200000000000102,0.9699999999999988,-0.5800000000000125,-0.0099999999999909,-1.4699999999999989,0.8600000000000136
2024-04-18,168.03,168.64,166.55,167.04,43122903.0,-0.9900000000000092,40.761258804418766,0.0709999999999951,-0.1917500000000018,4.6968891121068745,-5.080389112106878,-0.18684413508830838,0.05339553469227778,3.028199999999996,,,,,,-1.6100000000000136,-2.3700000000000045,-2.670000000000016,2.2900000000000205,6.699999999999989,-1.0200000000000102,0.9699999999999988,-0.5800000000000125,-0.0099999999999909,-1.4699999999999989
2024-04-19,166.21,166.4,164.075,165.0,68149377.0,-1.210000000000008,37.887951760027256,-0.04900000000000661,0.03174999999999813,4.2228725415030235,-4.159372541503028,-0.24472100047198403,-0.006227772340574582,3.0967714285714254,,,,,,-0.9900000000000092,-1.6100000000000136,-2.3700000000000045,-2.670000000000016,2.2900000000000205,6.699999999999989,-1.0200000000000102,0.9699999999999988,-0.5800000000000125,-0.0099999999999909
2024-04-22,165.515,167.26,164.77,165.84,48116443.0,0.325000000000017,39.7706319733581,0.041499999999996345,0.021999999999998462,4.20924554607894,-4.1652455460789435,-0.16482713716321526,-0.037947645305102716,3.1460714285714237,,,,,,-1.210000000000008,-0.9900000000000092,-1.6100000000000136,-2.3700000000000045,-2.670000000000016,2.2900000000000205,6.699999999999989,-1.0200000000000102,0.9699999999999988,-0.5800000000000125
2024-04-23,165.35,167.05,164.92,166.9,49537761.0,1.5500000000000114,42.15344238725859,0.09949999999999762,0.0852499999999992,4.327083609233288,-4.156583609233289,-0.0026330603581892764,-0.03088472831572003,3.1482142857142827,,,,,,0.325000000000017,-1.210000000000008,-0.9900000000000092,-1.6100000000000136,-2.3700000000000045,-2.670000000000016,2.2900000000000205,6.699999999999989,-1.0200000000000102,0.9699999999999988
2024-04-24,166.54,169.3,166.21,169.02,48251835.0,2.480000000000018,46.69556840244383,0.44950000000000045,0.22374999999999973,4.592968736618839,-4.145468736618839,0.19866011161564295,0.015024239670552567,3.1474999999999977,,,,,,1.5500000000000114,0.325000000000017,-1.210000000000008,-0.9900000000000092,-1.6100000000000136,-2.3700000000000045,-2.670000000000016,2.2900000000000205,6.699999999999989,-1.0200000000000102
2024-04-25,169.525,170.61,168.1511,169.89,50558329.0,0.3649999999999807,48.48328191388384,-0.18400000000000033,0.09699999999999846,4.282543289894275,-4.088543289894278,0.1853865556223102,0.049096702860904104,3.2109928571428554,,,,,,2.480000000000018,1.5500000000000114,0.325000000000017,-1.210000000000008,-0.9900000000000092,-1.6100000000000136,-2.3700000000000045,-2.670000000000016,2.2900000000000205,6.699999999999989
2024-04-26,169.88,171.34,169.18,169.3,44838354.0,-0.5799999999999841,47.324144770744766,-0.4710000000000008,0.08149999999999977,4.275054076135628,-4.112054076135628,0.09748976325577244,0.058775314939877775,3.2695642857142837,,,,,,0.3649999999999807,2.480000000000018,1.5500000000000114,0.325000000000017,-1.210000000000008,-0.9900000000000092,-1.6100000000000136,-2.3700000000000045,-2.670000000000016,2.2900000000000205
2024-04-29,173.37,176.03,173.1,173.5,68169419.0,0.1299999999999954,55.4833403510149,-0.19099999999999967,0.14599999999999938,4.298635941562654,-4.006635941562656,0.08415193717650879,0.06385063938720398,3.6267071428571387,,,,,,-0.5799999999999841,0.3649999999999807,2.480000000000018,1.5500000000000114,0.325000000000017,-1.210000000000008,-0.9900000000000092,-1.6100000000000136,-2.3700000000000045,-2.670000000000016
2024-04-30,173.33,174.99,170.0,170.33,65934776.0,-3.0,49.27904217997903,-0.2539999999999992,0.00799999999999983,4.3916603306753705,-4.3756603306753705,-0.1769435326824753,0.015691804973268123,3.80027857142857,,,,,,0.1299999999999954,-0.5799999999999841,0.3649999999999807,2.480000000000018,1.5500000000000114,0.325000000000017,-1.210000000000008,-0.9900000000000092,-1.6100000000000136,-2.3700000000000045
2024-05-01,169.58,172.705,169.11,169.3,50383147.0,-0.2800000000000011,47.42343635272181,-0.12099999999999796,-0.04900000000000091,4.317627748587792,-4.415627748587794,-0.16250900299726379,-0.019948356620838256,3.508492857142855,,,,,,-3.0,0.1299999999999954,-0.5799999999999841,0.3649999999999807,2.480000000000018,1.5500000000000114,0.325000000000017,-1.210000000000008,-0.9900000000000092,-1.6100000000000136
2024-05-02,172.51,173.415,170.89,173.03,94214915.0,0.5200000000000102,54.15575394020826,0.03000000000000399,0.050499999999999545,4.371241773548179,-4.27024177354818,-0.08553028027526222,-0.03306474135172305,3.505992857142853,,,,,,-0.2800000000000011,-3.0,0.1299999999999954,-0.5799999999999841,0.3649999999999807,2.480000000000018,1.5500000000000114,0.325000000000017,-1.210000000000008,-0.9900000000000092
2024-05-03,186.645,187.0,182.66,183.38,163224109.0,-3.265000000000015,66.84292531525179,-0.17549999999999671,-0.11225000000000165,4.456199552724593,-4.680699552724596,-0.32618193306827997,-0.09168817969503443,4.208849999999996,,,,,,0.5200000000000102,-0.2800000000000011,-3.0,0.1299999999999954,-0.5799999999999841,0.3649999999999807,2.480000000000018,1.5500000000000114,0.325000000000017,-1.210000000000008
2024-05-06,182.354,184.2,180.42,181.71,78569667.0,-0.6440000000000055,63.7760346806758,-0.272399999999999,-0.1154500000000013,4.4544685055500155,-4.685368505550017,-0.30192688117599087,-0.13373591999122572,4.086707142857141,,,,,,-3.265000000000015,0.5200000000000102,-0.2800000000000011,-3.0,0.1299999999999954,-0.5799999999999841,0.3649999999999807,2.480000000000018,1.5500000000000114,0.325000000000017
2024-05-07,183.45,184.9,181.32,182.4,77305771.0,-1.049999999999983,64.5007694282927,-0.5323999999999984,-0.2164500000000004,4.341732900882193,-4.774632900882193,-0.3118703376002525,-0.1693628035130311,4.153135714285712,,,,,,-0.6440000000000055,-3.265000000000015,0.5200000000000102,-0.2800000000000011,-3.0,0.1299999999999954,-0.5799999999999841,0.3649999999999807,2.480000000000018,1.5500000000000114
2024-05-08,182.85,183.07,181.45,182.74,45057087.0,-0.1099999999999852,64.87370171949317,-0.7913999999999988,-0.17094999999999913,4.371600476503152,-4.713500476503151,-0.24112096200558303,-0.1837144352115415,4.119564285714286,,,,,,-1.049999999999983,-0.6440000000000055,-3.265000000000015,0.5200000000000102,-0.2800000000000011,-3.0,0.1299999999999954,-0.5799999999999841,0.3649999999999807,2.480000000000018
2024-05-09,182.56,184.66,182.11,184.57,48982972.0,2.009999999999991,66.88987881063217,-0.6268999999999977,-0.40544999999999903,2.9806490426028422,-3.7915490426028406,-0.013825913183486832,-0.14973673080593056,4.089921428571428,,,,,,-0.1099999999999852,-1.049999999999983,-0.6440000000000055,-3.265000000000015,0.5200000000000102,-0.2800000000000011,-3.0,0.1299999999999954,-0.5799999999999841,0.3649999999999807
2024-05-10,184.9,185.09,182.13,183.05,50759496.0,-1.8499999999999943,63.62332487450172,-0.7538999999999987,-0.6124499999999997,2.580509720846387,-3.805409720846386,-0.14350841438345618,-0.1484910675214357,4.123492857142858,,,,,,2.009999999999991,-0.1099999999999852,-1.049999999999983,-0.6440000000000055,-3.265000000000015,0.5200000000000102,-0.2800000000000011,-3.0,0.1299999999999954,-0.5799999999999841
2024-05-13,185.435,187.1,184.62,186.28,72044809.0,0.8449999999999989,67.27999969441944,-0.6823999999999983,-0.43669999999999903,2.665051566284351,-3.5384515662843494,-0.028490335102709458,-0.12449092103769045,4.260635714285712,,,,,,-1.8499999999999943,2.009999999999991,-0.1099999999999852,-1.049999999999983,-0.6440000000000055,-3.265000000000015,0.5200000000000102,-0.2800000000000011,-3.0,0.1299999999999954
2024-05-14,187.51,188.3,186.29,187.43,52393619.0,-0.079999999999984,68.49431715014234,-0.3903999999999968,-0.322199999999998,2.6452188393991696,-3.289618839399165,-0.011840952930012416,-0.10196092741615485,4.184207142857141,,,,,,0.8449999999999989,-1.8499999999999943,2.009999999999991,-0.1099999999999852,-1.049999999999983,-0.6440000000000055,-3.265000000000015,0.5200000000000102,-0.2800000000000011,-3.0
2024-05-15,187.91,190.65,187.37,189.72,70399988.0,1.8100000000000025,70.81690729572034,-0.18139999999999643,-0.1511999999999972,2.896819450138255,-3.199219450138249,0.1521076052158889,-0.05114722088974611,4.242857142857141,,,,,,-0.079999999999984,0.8449999999999989,-1.8499999999999943,2.009999999999991,-0.1099999999999852,-1.049999999999983,-0.6440000000000055,-3.265000000000015,0.5200000000000102,-0.2800000000000011
2024-05-16,190.47,191.095,189.6601,189.84,52845230.0,-0.6299999999999955,70.9378117887274,-0.296399999999997,-0.13319999999999652,2.8981690219715053,-3.164569021971498,0.08418003561263922,-0.024081769589269043,4.191064285714284,,,,,,1.8100000000000025,-0.079999999999984,0.8449999999999989,-1.8499999999999943,2.009999999999991,-0.1099999999999852,-1.049999999999983,-0.6440000000000055,-3.265000000000015,0.5200000000000102
2024-05-17,189.51,190.81,189.18,189.87,41282925.0,0.3600000000000136,70.97019202256057,0.06610000000000582,-0.05469999999999543,2.940355370720927,-3.049755370720918,0.10897547212732878,0.0025296787540505204,3.8267785714285703,,,,,,-0.6299999999999955,1.8100000000000025,-0.079999999999984,0.8449999999999989,-1.8499999999999943,2.009999999999991,-0.1099999999999852,-1.049999999999983,-0.6440000000000055,-3.265000000000015
2024-05-20,189.325,191.9199,189.01,191.04,44361275.0,1.7150000000000034,72.2679192487708,0.3020000000000067,0.014800000000003888,3.1097961380810957,-3.0801961380810883,0.23525137854621775,0.04907401871248397,3.6782,,,,,,0.3600000000000136,-0.6299999999999955,1.8100000000000025,-0.079999999999984,0.8449999999999989,-1.8499999999999943,2.009999999999991,-0.1099999999999852,-1.049999999999983,-0.6440000000000055
2024-05-21,191.09,192.73,190.9201,192.35,42309401.0,1.259999999999991,73.68629522934982,0.5330000000000041,0.00030000000000286465,3.0676058365179166,-3.067005836517911,0.2952082695747341,0.098300868884934,3.550692857142857,,,,,,1.7150000000000034,0.3600000000000136,-0.6299999999999955,1.8100000000000025,-0.079999999999984,0.8449999999999989,-1.8499999999999943,2.009999999999991,-0.1099999999999852,-1.049999999999983
2024-05-22,192.265,192.8231,190.27,190.9,34648547.0,-1.364999999999981,69.45205584184772,0.4075000000000045,-0.1919499999999971,2.6978019452823574,-3.0817019452823518,0.1294171355420955,0.10452412221636631,3.4391285714285726,,,,,,1.259999999999991,1.7150000000000034,0.3600000000000136,-0.6299999999999955,1.8100000000000025,-0.079999999999984,0.8449999999999989,-1.8499999999999943,2.009999999999991,-0.1099999999999852
2024-05-23,190.98,191.0,186.625,186.88,51005924.0,-4.099999999999994,59.28138175262375,-0.20349999999999396,-0.41519999999999585,2.9449853081732233,-3.7753853081732154,-0.22012768041558084,0.039593761689976886,2.75377142857143,,,,,,-1.364999999999981,1.259999999999991,1.7150000000000034,0.3600000000000136,-0.6299999999999955,1.8100000000000025,-0.079999999999984,0.8449999999999989,-1.8499999999999943,2.009999999999991
2024-05-24,188.82,190.58,188.0404,189.98,36326975.0,1.1599999999999966,63.696419458416976,0.09750000000000511,-0.3281999999999968,3.1033634368393437,-3.759763436839337,-0.07187786180218741,0.01729943699154403,2.7480571428571454,,,,,,-4.099999999999994,-1.364999999999981,1.259999999999991,1.7150000000000034,0.3600000000000136,-0.6299999999999955,1.8100000000000025,-0.079999999999984,0.8449999999999989,-1.8499999999999943
2024-05-28,191.51,193.0,189.1,189.99,52280051.0,-1.5199999999999818,63.71008888443421,-0.13899999999999296,-0.4106999999999957,3.0536612975554407,-3.8750612975554324,-0.1686977718708696,-0.019900004780938695,2.7709142857142877,,,,,,1.1599999999999966,-4.099999999999994,-1.364999999999981,1.259999999999991,1.7150000000000034,0.3600000000000136,-0.6299999999999955,1.8100000000000025,-0.079999999999984,0.8449999999999989
2024-05-29,189.61,192.247,189.51,190.29,53068016.0,0.6799999999999784,64.1462444408082,-0.0629999999999967,-0.22669999999999674,3.0441144229646655,-3.4975144229646586,-0.0671327695386908,-0.029346557732489117,2.8507000000000033,,,,,,-1.5199999999999818,1.1599999999999966,-4.099999999999994,-1.364999999999981,1.259999999999991,1.7150000000000034,0.3600000000000136,-0.6299999999999955,1.8100000000000025,-0.079999999999984
2024-05-30,190.76,192.18,190.63,191.29,49947941.0,0.5300000000000011,65.62913596703402,-0.1909999999999968,-0.18619999999999665,3.101849404162066,-3.4742494041620597,0.0012401840781313678,-0.02322920937036502,2.8035571428571484,,,,,,0.6799999999999784,-1.5199999999999818,1.1599999999999966,-4.099999999999994,-1.364999999999981,1.259999999999991,1.7150000000000034,0.3600000000000136,-0.6299999999999955,1.8100000000000025
2024-05-31,191.44,192.57,189.91,192.25,75158277.0,0.8100000000000023,67.03854490763123,-0.046999999999997065,-0.17169999999999702,3.1319827361374486,-3.4753827361374423,0.0771307866659194,-0.0031572101631081387,2.782128571428576,,,,,,0.5300000000000011,0.6799999999999784,-1.5199999999999818,1.1599999999999966,-4.099999999999994,-1.364999999999981,1.259999999999991,1.7150000000000034,0.3600000000000136,-0.6299999999999955
2024-06-03,192.9,194.99,192.52,194.03,50080539.0,1.1299999999999957,69.5331806603188,0.030000000000001137,0.04805000000000349,3.0569188187458445,-2.9608188187458375,0.1612373181900728,0.02972169550752805,2.6885571428571495,,,,,,0.8100000000000023,0.5300000000000011,0.6799999999999784,-1.5199999999999818,1.1599999999999966,-4.099999999999994,-1.364999999999981,1.259999999999991,1.7150000000000034,0.3600000000000136
2024-06-04,194.635,195.32,193.0342,194.35,47471445.0,-0.2849999999999966,69.97315278358022,-0.16999999999999887,0.06600000000000393,3.0617401334842747,-2.929740133484267,0.11241779367834091,0.046260915141690624,2.7075428571428626,,,,,,1.1299999999999957,0.8100000000000023,0.5300000000000011,0.6799999999999784,-1.5199999999999818,1.1599999999999966,-4.099999999999994,-1.364999999999981,1.259999999999991,1.7150000000000034
2024-06-05,195.4,196.9,194.87,195.87,54156785.0,0.4699999999999988,72.03869365855097,-0.24899999999999806,0.142000000000003,3.095353847301129,-2.811353847301123,0.1331156842326436,0.06363186895988122,2.6554000000000064,,,,,,-0.2849999999999966,1.1299999999999957,0.8100000000000023,0.5300000000000011,0.6799999999999784,-1.5199999999999818,1.1599999999999966,-4.099999999999994,-1.364999999999981,1.259999999999991
2024-06-06,195.685,196.5,194.17,194.48,41181753.0,-1.2050000000000125,67.46804261171334,-0.23300000000000126,0.08725000000000165,3.1002699485775524,-2.925769948577549,0.0141967587782343,0.053744846923551845,2.7193357142857217,,,,,,0.4699999999999988,-0.2849999999999966,1.1299999999999957,0.8100000000000023,0.5300000000000011,0.6799999999999784,-1.5199999999999818,1.1599999999999966,-4.099999999999994,-1.364999999999981
2024-06-07,194.65,196.94,194.14,196.89,53103912.0,2.2399999999999807,70.91381030471814,0.40099999999999625,0.09875000000000114,3.144250347795252,-2.9467503477952497,0.19567968887773385,0.08213181531438826,2.8029071428571513,,,,,,-1.2050000000000125,0.4699999999999988,-0.2849999999999966,1.1299999999999957,0.8100000000000023,0.5300000000000011,0.6799999999999784,-1.5199999999999818,1.1599999999999966,-4.099999999999994
2024-06-10,196.9,197.3,192.15,193.12,97262077.0,-3.780000000000001,60.17615987947483,-0.09300000000000352,0.0022500000000007956,3.408665734741532,-3.40416573474153,-0.14459071846741745,0.03678730855802713,2.962914285714293,,,,,,2.2399999999999807,-1.2050000000000125,0.4699999999999988,-0.2849999999999966,1.1299999999999957,0.8100000000000023,0.5300000000000011,0.6799999999999784,-1.5199999999999818,1.1599999999999966
2024-06-11,193.65,207.16,193.63,207.15,172373296.0,13.5,75.21616432847645,1.4089999999999947,0.6350000000000009,7.5721463873843655,-6.302146387384364,0.9689249534811673,0.22321483754265514,3.836492857142864,,,,,,-3.780000000000001,2.2399999999999807,-1.2050000000000125,0.4699999999999988,-0.2849999999999966,1.1299999999999957,0.8100000000000023,0.5300000000000011,0.6799999999999784,-1.5199999999999818
2024-06-12,207.37,220.2,206.9,213.07,198134293.0,5.699999999999989,78.8464215179188,1.9109999999999956,0.9239999999999995,8.208613633506832,-6.360613633506833,1.2080734149396735,0.4201865530220588,4.604128571428577,,,,,,13.5,-3.780000000000001,2.2399999999999807,-1.2050000000000125,0.4699999999999988,-0.2849999999999966,1.1299999999999957,0.8100000000000023,0.5300000000000011,0.6799999999999784
2024-06-13,214.74,216.75,211.6,214.24,97862729.0,-0.5,79.48596318163479,1.8079999999999956,0.8084999999999993,8.107202912882961,-6.490202912882962,0.8870863301571401,0.5135665084490751,4.6594857142857204,,,,,,5.699999999999989,13.5,-3.780000000000001,2.2399999999999807,-1.2050000000000125,0.4699999999999988,-0.2849999999999966,1.1299999999999957,0.8100000000000023,0.5300000000000011
2024-06-14,213.85,215.17,211.3,212.49,70122748.0,-1.3599999999999852,75.79481594425293,1.5909999999999969,0.7719999999999999,8.108197494902276,-6.564197494902276,0.5568874878898332,0.5222307043372267,4.671628571428575,,,,,,-0.5,5.699999999999989,13.5,-3.780000000000001,2.2399999999999807,-1.2050000000000125,0.4699999999999988,-0.2849999999999966,1.1299999999999957,0.8100000000000023
2024-06-17,213.37,218.95,212.72,216.67,93728300.0,3.299999999999983,78.37765123965019,1.8079999999999956,0.9189999999999984,8.337793773426476,-6.499793773426479,0.6635762868212589,0.5504998208340333,4.854485714285715,,,,,,-1.3599999999999852,-0.5,5.699999999999989,13.5,-3.780000000000001,2.2399999999999807,-1.2050000000000125,0.4699999999999988,-0.2849999999999966,1.1299999999999957
2024-06-18,217.59,218.63,213.0,214.29,79943254.0,-3.300000000000012,73.56437037750095,1.5064999999999942,0.6682499999999976,8.309436374544608,-6.972936374544614,0.21310652772968364,0.4830211622131634,5.06112857142857,,,,,,3.299999999999983,-1.3599999999999852,-0.5,5.699999999999989,13.5,-3.780000000000001,2.2399999999999807,-1.2050000000000125,0.4699999999999988,-0.2849999999999966
2024-06-20,213.93,214.24,208.85,209.68,86172451.0,-4.25,65.21071468831195,1.0344999999999942,0.39274999999999805,8.335475553015552,-7.549975553015556,-0.21803765990878254,0.3428093977887742,5.3146999999999975,,,,,,-3.300000000000012,3.299999999999983,-1.3599999999999852,-0.5,5.699999999999989,13.5,-3.780000000000001,2.2399999999999807,-1.2050000000000125,0.4699999999999988
2024-06-21,210.39,211.89,207.11,207.49,246421353.0,-2.8999999999999773,61.63031657052024,0.8649999999999978,0.3159999999999982,8.3592702173602,-7.727270217360203,-0.44565162276047027,0.18511719367892526,5.466128571428568,,,,,,-4.25,-3.300000000000012,3.299999999999983,-1.3599999999999852,-0.5,5.699999999999989,13.5,-3.780000000000001,2.2399999999999807,-1.2050000000000125
2024-06-24,207.72,212.7,206.59,208.14,80727006.0,0.4199999999999875,62.29207415830096,0.6829999999999984,0.5419999999999974,8.312195012116213,-7.228195012116219,-0.35405969482079286,0.07728181597898165,5.706842857142852,,,,,,-2.8999999999999773,-4.25,-3.300000000000012,3.299999999999983,-1.3599999999999852,-0.5,5.699999999999989,13.5,-3.780000000000001,2.2399999999999807
2024-06-25,209.15,211.38,208.61,209.07,56713868.0,-0.0800000000000125,63.26820304232637,1.0529999999999973,0.4799999999999969,8.249220647766679,-7.289220647766685,-0.3181508088871904,-0.0018047089942527517,5.774999999999996,,,,,,0.4199999999999875,-2.8999999999999773,-4.25,-3.300000000000012,3.299999999999983,-1.3599999999999852,-0.5,5.699999999999989,13.5,-3.780000000000001
2024-06-26,211.5,214.86,210.64,213.25,66213186.0,1.75,67.35823055272438,-0.12200000000000273,0.643499999999996,8.37303331470651,-7.086033314706517,-0.14040851011998298,-0.029525469219398796,6.006428571428567,,,,,,-0.0800000000000125,0.4199999999999875,-2.8999999999999773,-4.25,-3.300000000000012,3.299999999999983,-1.3599999999999852,-0.5,5.699999999999989,13.5
2024-06-27,214.69,215.7395,212.35,214.1,49772707.0,-0.5900000000000034,68.13523254941445,-0.7510000000000019,0.5799999999999969,8.329112682650896,-7.169112682650902,-0.18621829302180107,-0.06086403397987925,6.082107142857138,,,,,,1.75,-0.0800000000000125,0.4199999999999875,-2.8999999999999773,-4.25,-3.300000000000012,3.299999999999983,-1.3599999999999852,-0.5,5.699999999999989
2024-06-28,215.77,216.07,210.3,210.62,82542718.0,-5.150000000000006,61.663485790710624,-1.2160000000000024,0.29599999999999654,8.45815696466255,-7.866156964662557,-0.5837476865429203,-0.16544076449248746,6.294249999999993,,,,,,-0.5900000000000034,1.75,-0.0800000000000125,0.4199999999999875,-2.8999999999999773,-4.25,-3.300000000000012,3.299999999999983,-1.3599999999999852,-0.5
2024-07-01,212.09,217.51,211.92,216.75,60402929.0,4.659999999999997,67.51648772248615,-0.6140000000000043,0.48849999999999627,8.880074784771983,-7.90307478477199,-0.10598584173419096,-0.15354977994082816,6.418535714285706,,,,,,-5.150000000000006,-0.5900000000000034,1.75,-0.0800000000000125,0.4199999999999875,-2.8999999999999773,-4.25,-3.300000000000012,3.299999999999983,-1.3599999999999852
2024-07-02,216.15,220.38,215.1,220.27,58046178.0,4.1200000000000045,70.31878728816079,-0.5320000000000021,0.6379999999999967,9.182832479648917,-7.906832479648925,0.22645988672546025,-0.07754784660757048,5.792821428571421,,,,,,4.659999999999997,-5.150000000000006,-0.5900000000000034,1.75,-0.0800000000000125,0.4199999999999875,-2.8999999999999773,-4.25,-3.300000000000012,3.299999999999983
2024-07-03,220.0,221.55,219.03,221.55,37369801.0,1.5500000000000114,71.28875136013733,-0.04699999999999984,0.7297499999999971,9.272259476605495,-7.8127594766055,0.27932807982945573,-0.0061726613201652375,5.022821428571423,,,,,,4.1200000000000045,4.659999999999997,-5.150000000000006,-0.5900000000000034,1.75,-0.0800000000000125,0.4199999999999875,-2.8999999999999773,-4.25,-3.300000000000012
2024-07-05,221.65,226.45,221.65,226.34,60412408.0,4.689999999999998,74.62997216906203,0.8469999999999999,0.9407499999999971,9.66282621045887,-7.781326210458876,0.5680501333459247,0.10867189761305275,5.004964285714278,,,,,,1.5500000000000114,4.1200000000000045,4.659999999999997,-5.150000000000006,-0.5900000000000034,1.75,-0.0800000000000125,0.4199999999999875,-2.8999999999999773,-4.25
2024-07-08,227.09,227.85,223.25,227.82,59085861.0,0.7299999999999898,75.57574180122211,1.2099999999999966,1.0374999999999972,9.702096750115103,-7.627096750115109,0.4718859287409245,0.1813147038386271,5.057107142857136,,,,,,4.689999999999998,1.5500000000000114,4.1200000000000045,4.659999999999997,-5.150000000000006,-0.5900000000000034,1.75,-0.0800000000000125,0.4199999999999875,-2.8999999999999773
2024-07-09,227.93,229.4,226.3721,228.68,48169822.0,0.75,76.13253276156489,1.2429999999999979,0.9629999999999981,9.609666774878596,-7.6836667748786,0.39276142736958997,0.2236040485448197,4.811957142857139,,,,,,0.7299999999999898,4.689999999999998,1.5500000000000114,4.1200000000000045,4.659999999999997,-5.150000000000006,-0.5900000000000034,1.75,-0.0800000000000125,0.4199999999999875
2024-07-10,229.3,233.08,229.25,232.98,62627687.0,3.6799999999999775,78.74197878133108,1.6189999999999969,1.3359999999999972,9.761980873714968,-7.089980873714975,0.5600255766955273,0.29088835417496123,4.724099999999997,,,,,,0.75,0.7299999999999898,4.689999999999998,1.5500000000000114,4.1200000000000045,4.659999999999997,-5.150000000000006,-0.5900000000000034,1.75,-0.0800000000000125
2024-07-11,231.39,232.39,225.77,227.57,64710617.0,-3.819999999999993,68.5825537974361,1.0619999999999976,0.4699999999999974,6.97277349735439,-6.032773497354396,0.08640033099140054,0.2499907495382491,4.850528571428567,,,,,,3.6799999999999775,0.75,0.7299999999999898,4.689999999999998,1.5500000000000114,4.1200000000000045,4.659999999999997,-5.150000000000006,-0.5900000000000034,1.75
2024-07-12,228.92,232.64,228.68,230.54,53046527.0,1.6200000000000043,70.80920691732466,1.2829999999999981,0.2659999999999982,6.318334564794849,-5.786334564794853,0.14830191534296588,0.22965298269919246,4.871242857142854,,,,,,-3.819999999999993,3.6799999999999775,0.75,0.7299999999999898,4.689999999999998,1.5500000000000114,4.1200000000000045,4.659999999999997,-5.150000000000006,-0.5900000000000034
2024-07-15,236.48,237.23,233.09,234.4,62631252.0,-2.079999999999984,73.44352190531391,1.5900000000000005,0.186999999999999,6.322114119815362,-5.948114119815363,-0.10004643783279216,0.16371309859279556,4.912671428571427,,,,,,1.6200000000000043,-3.819999999999993,3.6799999999999775,0.75,0.7299999999999898,4.689999999999998,1.5500000000000114,4.1200000000000045,4.659999999999997,-5.150000000000006
2024-07-16,235.0,236.27,232.33,234.82,41833564.0,-0.1800000000000068,73.72141037700764,1.1060000000000003,0.24599999999999791,6.341038189077712,-5.849038189077716,-0.14191427649946708,0.10258762357434305,4.962671428571426,,,,,,-2.079999999999984,1.6200000000000043,-3.819999999999993,3.6799999999999775,0.75,0.7299999999999898,4.689999999999998,1.5500000000000114,4.1200000000000045,4.659999999999997
